Species,0086SE_IS01,0086SE_0001,0086SE_0002,0086SE_0003,0086SE_0004,0086SE_0005,0086SE_0006,0086SE_0007,0086SE_0009,0086SE_0010,0086SE_0011,0086SE_0013,0086SE_0014,0086SE_0015,0086SE_0016,0086SE_0017,0086SE_0018,0086SE_0019,0086SE_0020,0086SE_0021,0086SE_0022,0086SE_0024,0086SE_0025,0086SE_0026,0086SE_0027,0086SE_0028,0086SE_0029,0086SE_0030,0086SE_0031,0086SE_0032,0086SE_0033
PC 30:0,0,7.486,4.911,4.338,1.599,1.27,2.627,3.66,3.613,1.665,5.539,0.372,4.811,5.415,4.98,2.389,2.782,7.759,7.169,8.595,5.846,3.299,4.446,4.773,1.724,1.2,1.794,0,0,0,3.646
PC 30:1,0,1.925,3.928,3.492,2.268,0.695,1.065,2.606,2.4,2.72,2.637,2.888,2.844,2.617,3.08,3.288,2.401,0,3.081,4.962,2.234,1.621,2.14,1.863,3.052,1.262,2.416,0.653,0,0.4,0
PC 32:0,0,10.045,12.083,10.239,18.667,12.531,11.926,9.93,8.927,10.042,17.546,11.697,13.657,14.672,14.303,10.46,13.332,20.91,19.721,25.448,14.658,9.769,8.704,9.686,11.573,11.241,12.367,7.561,12.923,13.239,12.089
PC 32:1,0,7.881,8.969,7.053,14.224,9.325,11.255,8.75,8.955,13.167,11.82,5.645,23.567,38.118,18.758,18.873,22.358,46.751,76.619,111.113,50.976,20.037,21.554,19.659,8.031,7.929,8.484,5.798,9.257,8.07,7.219
PC 32:2,0,3.052,2.564,1.413,1.741,1.308,1.14,3.145,3.343,2.921,2.155,0.996,3.249,3.132,2.536,2.898,3.052,2.949,4.099,6.877,3.949,1.638,2.005,2.499,1.3,1.267,1.063,0.323,0.968,1.589,0.86
PC 34:0,0,2.833,4.7,0,0,0,0,2.976,0,3.157,0,0,0,0,0,3.658,0,0,0,0,0,0,0,0,3.075,2.143,2.981,0,0,3.206,0
PC 34:1,0,116.274,214.94,151.57,239.754,144.453,134.057,132.01,126.098,190.659,273.21,159.458,219.723,248.383,204.773,171.201,220.634,349.229,480.114,654.536,366.759,131.125,133.571,163.936,172.213,179.487,194.021,140.412,235.514,207.346,146.869
PC 34:2,0,219.971,436.618,380.413,367.138,189.667,169.666,301.839,287.364,350.333,433.815,208.304,318.617,259.83,247.752,254.175,247.725,344.508,289.816,388.006,317.473,154.004,140.707,189.325,252.944,268.164,266.354,159.26,271.294,376.199,304.347
PC 34:3,0,9.635,11.966,6.734,9.504,5.605,5.776,9.595,8.464,10.175,8.355,2.686,10.183,12.018,7.592,11.347,7.932,10.951,17.047,22.106,15.052,7.148,7.154,8.323,5.484,5.739,6.25,3.324,6.053,6.356,5.604
PC 34:4,0,1.141,1.132,0.667,0.43,0.309,0.298,1.144,1.192,1.1,0.734,0.148,1.05,0.977,0.721,0.865,1.319,2.025,2.175,3.108,1.64,0.625,0.57,0.421,0.4,0.3,0.62,0.408,0.483,0.399,0.313
PC 36:0,0,1.095,2.079,1.643,0,0,0,1.8,1.543,1.72,0.936,1.517,1.216,0,1.455,0,0.891,0,0.599,0,0.415,0,0,0,0,0.932,0,0.838,0,2.528,0
PC 36:1,0,20.048,43.589,27.794,26.841,21.229,23.777,20.472,20.149,27.09,31.138,11.01,40.296,48.201,34.659,34.675,32.553,53.517,71.991,94.346,46.901,16.222,22.406,21.399,25.195,24.039,30.938,18.274,25.649,47.323,28.229
PC 36:2,0,116.987,290.217,202.858,158.832,106.085,100.444,146.574,144.304,177.125,180.918,55.498,181.545,144.068,143.403,157.586,137.26,178.368,168.969,221.505,151.561,68.262,74.586,86.568,122.342,134.403,132.929,72.548,125.576,226.222,180.834
PC 36:3,0,86.041,136.49,86.357,99.561,72.589,71.208,73.715,78.915,80.518,106.815,42.03,120.889,113.13,99.37,83.143,104.273,118.065,126.689,179.652,133.939,52.529,49.798,65.61,77.393,83.603,80.719,47.239,90.027,82.052,69.412
PC 36:4,0,76.119,154.754,136.771,139.591,89.757,69.976,108.24,109.26,160.884,165.564,177.708,128.322,106.905,92.614,103.354,181.087,257.083,225.376,271.107,230.52,52.584,47.257,47.854,136.652,146.911,149.471,115.333,181.637,106.636,94
PC 36:5,0,6.668,13.37,7.168,7.712,5.231,4.993,22.739,11.496,30.151,7.945,7.727,16.065,13.477,10.592,11.423,12.716,17.403,25.635,32.469,23.376,7.367,6.762,6.4,6.237,7.272,7.852,4.713,6.932,6.252,14.284
PC 38:0,0,1.109,3.018,2.278,2.308,1.334,0.884,2.113,1.717,2.427,2.542,1.513,1.209,1.121,1.511,1.979,1.505,2.433,1.702,1.895,2.121,0.891,0.53,0.494,1.542,1.61,1.943,1.192,1.957,1.082,2.298
PC 38:1,0,1.719,1.356,0.8,1.508,0.512,0.831,2.029,1.791,2.731,0.846,0.802,1.13,1.355,0.947,2.003,1.637,2.684,1.575,2.242,2.025,0.469,0.349,1.206,1.515,0.716,1.508,0.456,1.287,1.432,2.018
PC 38:2,0,3.423,6.827,4.578,5.253,3.274,4.334,5.346,4.602,6.81,4.632,2.154,3.529,4.522,5.077,7.251,7.183,7.483,6.428,8.541,4.808,3.807,2.723,4.03,3.498,2.945,3.421,2.255,3.028,4.277,7.073
PC 38:3,0,21.644,34.369,23.648,29.056,27.482,30.936,21.295,23.633,33.382,25.025,10.961,47.151,45.801,42.168,39.735,46.643,44.632,49.58,57.392,44.106,15.267,15.94,14.995,30.245,31.558,26.748,15.108,31.074,24.765,25.347
PC 38:4,0,43.323,103.762,92.813,82.223,63.574,55.603,67.211,68.55,110.856,98.744,71.277,79.412,66.399,62.274,85.234,121.865,154.678,134.121,155.557,122.297,28.72,29.897,24.852,92.442,99.377,93.261,66.476,112.501,83.041,71.463
PC 38:5,0.01,24.169,44.569,35.806,39.853,28.07,25.006,40.789,34.12,50.016,50.764,35.798,43.346,35.475,34.604,39.06,57.684,77.302,79.675,105.507,73.705,18.954,18.696,17.967,38.872,42.415,45.85,30.74,49.119,28.678,32.88
PC 38:6,0,34.005,73.886,59.251,37.92,24.641,20.321,63.768,46.437,99.08,79.88,62.689,42.137,30.447,35.771,52.279,66.234,85.898,65.879,72.168,68.117,23.466,18.555,20.681,57.266,53.47,54.237,37.234,64.675,53.411,53.417
PC 38:7,0,0.739,1.797,0.871,0.709,0.511,0.413,1.669,1.053,1.625,0.947,0.738,0.99,0.723,0.649,1.414,1.062,1.516,1.66,2.324,1.599,0.574,0.454,0.545,0.656,0.873,0.916,0.503,0.676,0.598,1.216
PC 40:4,0,2.25,2.793,2.798,2.793,2.183,2.398,2.106,1.809,3.301,3.53,2.238,3.697,3.681,2.365,3.511,5.562,7.268,9.434,10.901,6.569,1.555,1.889,1.125,3.407,3.655,3.354,2.955,4.86,3.147,3.546
PC 40:5,0,5.009,7.334,7.656,9.371,6.47,6.365,6.623,6.005,9.809,11.654,5.661,10.117,10.333,9.175,10.904,16.609,21.064,21.473,25.737,14.557,4.172,4.222,4.071,9.828,9.867,9.82,6.948,10.231,7.974,6.445
PC 40:6,0.028,9.545,24.398,18.41,14.622,10.861,9.858,19.303,14.174,36.925,25.989,11.12,16.053,14.068,14.941,30.748,28.544,36.488,26.759,30.225,23.092,7.674,7.574,6.769,21.668,20.086,18.938,11.635,21.301,21.994,23.267
PC 40:7,0,4.04,5.765,3.701,3.635,2.626,1.988,4.955,3.419,5.238,5.099,2.201,2.927,2.878,2.78,4.312,5.405,6.145,6.9,9.001,6.21,2.247,1.585,1.99,3.953,3.952,3.868,2.284,5.093,3.559,3.69
PC O-32:0,0,2.163,4.123,3.853,4.255,2.922,4.596,3.508,2.737,2.305,3.288,2.337,3.905,4.035,5.11,3.851,3.968,4.689,3.918,4.182,4.13,2.667,2.027,2.847,3.648,3.527,3.696,2.107,2.974,3.339,2.515
PC O-32:1,0.01,1.11,3.497,3.409,3.792,2.435,4.399,2.212,2.179,2.613,3.802,2.451,3.142,3.101,3.36,3.031,2.747,4.155,3.406,4.347,3.7,2.503,1.81,2.268,2.322,2.35,2.803,1.861,2.677,3.384,2.829
PC O-34:0,0,0,2.033,1.654,1.426,0.836,0.945,1.245,1.168,1.39,1.561,1.131,1.867,1.86,2.258,1.71,1.306,2.043,1.42,1.685,1.195,0.946,1.043,1.215,1.688,1.59,1.548,0.601,1.145,2.04,1.629
PC O-34:1,0,7.06,12.17,9.921,11.894,8.89,9.63,9.963,8.796,7.705,11.878,7.168,11.207,12.298,11.977,10.499,9.007,11.724,9.717,12.44,11.183,8.752,7.775,8.439,7.942,9.113,10.119,5.98,8.894,11.942,8.674
PC O-34:2,0,7.133,14.933,12.115,9.68,6.292,6.577,11.078,9.623,8.035,10.711,6.173,8.011,6.523,8.197,7.51,7.09,10.94,7.294,9.633,7.016,4.972,4.849,5.99,6.826,7.992,11.377,5.731,10.066,10.555,9.463
PC O-34:3,0,3.984,10.854,8.689,7.668,6.252,4.269,7.305,5.322,4.372,7.929,3.993,5.897,4.612,6.048,4.902,5.853,7.132,5.39,6.159,5.09,2.351,2.677,3.342,4.557,4.792,6.931,3.826,6.249,9.117,7.771
PC O-36:0,0,0.677,1.309,0.995,0.865,0.485,0.534,0.616,0.241,0.861,1.59,0.548,0.88,0.578,0.664,0.79,1.064,1.114,1.16,1.533,1.097,0.33,0.216,0.708,0.679,0.774,0.545,0.394,0.636,1.275,0.671
PC O-36:1,0,6.388,9.867,9.509,6.736,4.932,5.336,7.084,6.648,7.791,7.334,6.5,8.196,8.766,9.011,11.394,4.21,5.744,4.973,6.23,7.219,3.542,3.806,6.338,5.315,6.574,7.006,5.358,9.587,9.941,12.276
PC O-36:2,0,8.753,18.432,14.613,9.809,5.806,5.409,13.976,10.39,10.266,12.195,5.24,10.978,8.49,9.565,9.489,5.573,8.763,5.732,7.018,6.999,5.361,5.408,6.728,7.752,8.959,9.074,5.165,7.462,14.986,12.185
PC O-36:3,0,4.924,8.569,6.853,6.25,4.537,4.863,5.782,5.706,4.517,5.912,3.344,5.351,5.457,5.566,6.144,5.032,7.296,5.662,7.646,6.562,2.938,2.957,3.813,4.715,5.431,6.784,3.564,5.364,6.56,5.516
PC O-36:4,0,7.519,20.999,16.916,13.378,9.755,9.54,12.936,11.478,13.374,15.28,11.641,13.032,11.148,13.339,14.563,15.817,28.601,18.062,27.806,22.921,5.532,4.829,5.265,14.209,18.128,17.837,11.163,18.197,10.605,10.333
PC O-36:5,0,5.39,14.013,10.637,10.396,7.295,5.727,8.878,6.207,10.702,12.735,10.783,8.836,6.503,9.297,8.278,8.502,14.062,9.104,12.863,9.95,3.585,2.775,2.672,8.621,9.507,10.424,7.357,10.907,8.088,7.618
PC O-38:1,0,1.205,1.597,2.31,0.718,0.717,1.465,0.256,1.054,1.097,0.499,0.905,0.405,1.067,0.748,3.514,0.848,0.64,0.651,0.667,0.925,0.222,0.524,0.812,0.091,0.679,1.225,1.015,1.905,1.602,3.306
PC O-38:2,0.027,2.691,2.958,2.107,1.676,1.888,2.643,1.632,1.563,2.29,1.281,1.676,1.508,1.428,1.552,4.353,0.836,0.822,0,1.635,1.164,0.843,0.743,1.975,1.141,1.111,1.356,0.732,3.432,2.757,4.192
PC O-38:3,0,4.625,4.352,5.516,4.283,3.968,5.508,2.988,2.966,4.982,3.405,8.332,4.001,3.292,4.59,9.266,2.834,3.41,2.558,3.619,5.167,1.953,1.325,3.998,2.772,3.215,3.044,5.012,10.212,4.663,9.225
PC O-38:4,0,6.901,13.995,13.039,9.422,6.084,7.782,9.496,8.618,8.581,10.685,10.845,10.374,8.472,9.432,10.063,10.383,13.286,10.378,12.328,12.304,4.289,3.977,4.162,12.134,14.453,14.075,8.715,11.626,11.043,9.237
PC O-38:5,0,9.216,19.564,15.979,19.787,14.118,13.161,14.425,11.382,13.97,19.896,15.559,11.711,10.228,13.639,14.285,15.495,26.779,16.778,20.446,19.219,8.145,5.491,5.647,15.506,16.96,17.438,12.032,16.908,12.755,11.232
PC O-40:4,0,1.655,2.226,2.621,1.868,1.914,2.889,1.395,1.543,2.52,1.376,2.815,1.654,1.359,1.612,3.553,1.972,2.126,2.082,1.971,2.856,1.046,0.735,1.193,2.222,2.332,2.236,2.362,4.023,2.131,3.385
PC O-40:5,0,2.975,3.375,4.495,4.147,2.906,4.141,3.109,2.42,4.275,3.372,5.771,2.381,1.653,2.463,6.143,3.161,3.895,2.747,3.672,3.92,1.568,0.961,2.147,2.846,3.751,3.78,3.645,5.731,2.996,6.729
PC O-40:6,0,1.741,5.098,3.583,3.419,2.446,2.101,3.542,2.907,3.641,3.544,2.828,2.592,1.65,2.583,3.195,2.359,3.79,2.07,2.443,2.916,1.511,1.376,1.491,3.179,3.536,3.637,1.994,2.991,3.233,3.169
PC O-42:4,0.039,0.549,1.164,1.064,0.829,0.478,1.279,0.71,0.61,0.633,0.44,0.807,0.927,0.517,0.687,1.232,0.854,0.697,0.6,0.841,0.803,0.535,0.295,0.513,0.598,1.116,1.041,0.592,1.246,0.774,0.983
PC O-42:5,0,1.038,1.608,1.905,2.482,1.54,2.804,1.589,1.278,1.647,1.53,1.867,1.218,0.991,1.148,3.556,1.878,1.991,1.529,1.822,2.221,1.508,0.802,1.081,1.556,1.331,2.221,1.581,2.222,1.632,2.527
PC O-42:6,0.064,0.695,1.405,1.36,1.269,0.972,1.145,0.974,0.757,0.95,1.064,1.002,0.728,0.614,0.84,1.363,0.679,0.997,0.747,0.814,1.006,0.624,0.355,0.543,0.923,1.134,1.137,0.552,1.014,0.844,1.101
PC O-44:4,0,0.82,1.489,1.112,0.681,0.582,0.635,0.818,0.628,0.419,0.715,0.372,1.039,0.48,0.585,0.815,0.839,0.742,0.646,0.75,0.746,0.632,0.371,0.656,0.51,0.597,1.037,0.345,0.723,1.052,0.583
PC O-44:5,0,0.549,2.245,2.036,2.827,1.466,2.973,1.879,1.751,1.099,1.827,1.643,1.521,1.086,1.346,2.32,2.067,2.031,1.666,2.149,2.604,1.85,1.336,1.32,2.376,2.057,2.881,1.509,1.975,1.017,1.19
PC O-44:6,0,0.488,1.1,1.242,1.299,1.046,1.486,1.366,1.072,0.676,0.973,1.085,1.165,0.616,0.639,1.445,0.915,1.244,0.827,0.936,1.098,1.132,0.434,0.625,0.976,1.232,1.32,0.569,0.84,0.835,0.418
SM 32:1,0,4.928,10.256,8.713,2.92,2.298,2.091,7.823,7.19,7.662,7.255,6.381,8.806,6.457,7.839,5.857,6.662,7.711,6.41,7.94,6.619,4.038,4.159,5.018,4.195,4.848,4.276,2.839,4.412,9.202,8.126
SM 33:1,0,2.473,5.755,5.649,2.001,1.534,1.389,4.905,5.035,4.565,4.997,4.471,4.543,4.312,4.434,3.32,1.913,2.411,2.041,2.475,2.303,2.437,2.133,2.963,3.113,3.964,3.195,2.188,3.061,6.292,5.446
SM 34:0,0,0,0,0,4.435,3.442,0,0,0,6.039,0,6.261,5.547,3.819,4.646,3.463,4.234,0,3.339,3.266,0,2.116,0,0,6.866,9.106,7.837,5.893,8.746,0,0
SM 34:1,0,57.017,105.008,104.072,77.034,56.223,48.407,80.301,71.977,94.122,141.11,115.39,91.935,74.799,97.696,87.227,88.522,105.75,87.805,92.259,84.08,49.046,45.274,55.894,86.9,94.258,90.525,59.226,102.138,125.532,112.022
SM 34:2,0,5.216,8.915,9.421,7.322,4.968,4.369,9.054,8.48,13.497,14.68,14.307,8.5,7.279,8.359,9.496,10.649,12.48,9.443,11.142,8.811,3.877,3.978,4.393,8.54,8.464,7.807,6.736,12.224,11.078,10.509
SM 35:0,0,0.501,0.974,0.741,0.505,0.425,0.22,0.695,0.578,0.646,1.181,0.885,0.712,0.533,0,0.767,0.472,0.487,0.655,0.391,0.596,0,0.307,0,0.368,0.924,0.602,0.495,0.427,0.977,0.811
SM 35:1,0,1.384,2.462,2.365,1.343,0.955,0,2.283,2.198,2.47,2.753,2.745,2.221,1.891,2.396,2.027,1.102,0.902,0.818,0.715,0.991,1.223,0.969,1.56,1.89,2.143,2.032,1.23,2.169,3.196,2.626
SM 35:2,0,0.113,0.153,0.321,0.112,0.119,0.111,0.356,0.278,0,0.278,0.335,0.262,0.207,0.226,0.266,0.167,0.094,0.027,0,0,0.035,0.112,0.18,0.178,0.297,0.14,0.136,0.196,0.325,0.218
SM 36:0,0,0.724,1.279,1.528,3.029,1.739,1.519,0.441,0.328,3.503,3.127,3.634,2.641,0.381,1.865,2.994,0,0.999,1.254,0,2.838,0,0.534,0,2.396,3.729,2.59,1.919,3.182,1.963,1.048
SM 36:1,0,9.607,16.367,18.04,22.601,16.447,15.196,15.972,15.601,23.222,29.52,30.618,19.106,0,21.486,23.694,13.991,14.612,11.487,11.862,15.991,11.778,11.277,12.604,21.751,22.778,20.168,15.115,26.14,22.352,19.828
SM 36:2,0,3.041,5.934,6.01,6.951,5.468,5.047,6.698,6.166,10.182,10.105,12.718,6.41,4.88,6.393,7.668,5.176,5.555,4.674,5.372,5.59,3.547,3.348,4.148,6.737,7.648,7.586,6.475,11.171,7.246,7.001
SM 36:3,0,0.306,0.427,0.415,0.358,0,0.23,0.526,0.367,0.776,0.547,0.543,0.307,0.22,0.287,0.404,0.197,0.252,0.059,0.144,0.346,0.097,0.094,0.11,0.246,0.325,0.33,0.196,0.369,0.492,0.332
SM 38:0,0,3.68,5.419,5.02,4.611,3.211,1.373,2.591,2.904,3.138,7.394,2.009,3.918,3.909,3.765,3.109,3.558,5.516,5.363,6.814,5.223,0.151,1.324,0.721,3.586,5.118,4.255,2.53,4.843,1.934,1.925
SM 38:1,0,10.086,21.248,18.625,13.919,9.602,6.227,15.25,17.752,16.332,13.292,8.92,17.069,11.917,15.087,14.445,10.977,11.372,9.857,11.113,15.304,8.754,6.923,8.392,11.927,13.492,11.626,9.183,14.336,16.554,15.064
SM 38:2,0,2.172,3.642,2.941,3.129,2.713,1.967,4.328,3.553,4.711,3.979,3.914,3.187,2.15,3.534,4.092,2.775,3.233,2.024,2.667,2.789,2.056,1.965,2.144,3.026,3.088,3.359,2.241,4.962,3.919,4.06
SM 38:3,0,0.209,0.201,0.119,0.295,0.191,0,0.235,0.131,0.268,0.41,0.402,0.301,0.105,0.162,0.413,0.067,0.187,0.087,0,0.408,0.127,0.118,0.263,0.177,0.267,0.134,0.049,0.198,0.221,0.29
SM 40:0,0.027,0.589,2.549,0.967,1.218,0.937,1.009,0.956,0,2.799,2.065,1.137,1.604,2.459,1.048,0.722,0.633,1.139,2.615,2.241,1.968,0.245,1.165,0.303,0.78,2.351,0.019,0.292,2.4,0,1.71
SM 40:1,0,11.532,26.325,24.025,13.214,8.189,7.031,22.173,21.975,27.555,13.309,13.147,21.477,17.926,20.322,17.232,17.477,18.997,15.429,18.106,16.324,7.848,6.046,9.588,17.517,20.215,20.177,13.031,20.365,23.772,20.556
SM 40:2,0,8.92,14.21,14.231,9.885,7.324,5.136,15.878,14.974,17.664,10.288,10.094,14.111,10.053,12.103,9.899,11.255,12.36,9.421,13.429,13.743,7.812,7.976,8.768,10.412,10.533,11.14,6.98,14.461,15.362,16.625
SM 40:3,0,1.758,2.56,3.386,2.823,2.904,2.768,3.543,2.227,4.475,3.095,3.196,2.316,2.354,3.035,2.511,3.533,2.642,3.911,2.439,4.257,2.098,1.944,0.635,2.349,1.732,2.754,0.78,3.363,2.299,2.754
SM 41:1,0.059,3.739,9.211,9.702,3.471,1.961,1.763,10.202,8.594,10.752,3.199,4.589,7.043,4.606,6.144,5.694,4.821,5.718,4.693,4.366,5.303,1.739,1.733,2.788,5.578,6.264,5.255,3.756,6.135,9.581,7.846
SM 41:2,0,3.876,6.406,6.442,3.48,2.777,2.126,8.187,6.664,7.449,3.412,4.504,5.283,4.329,5.276,4.999,3.433,4.523,3.367,3.629,4.118,2.733,2.253,3.087,4.062,4.55,4.718,3.137,5.173,6.968,6.889
SM 42:1,0,7.215,15.015,15.195,8.523,5.922,3.844,12.617,11.643,16.503,6.296,8.715,15.414,11.1,13.935,9.264,11.47,13.602,10.639,13.137,13.802,4.733,4.307,5.72,13.762,16.047,14.213,9.424,17.369,14.045,12.138
SM 42:2,0,30.645,35.18,35.997,56.639,40.49,30.898,41.759,35.573,52.65,45.389,35.077,43.435,33.937,45.629,47.705,41.756,49.828,37.267,45.385,47.512,25.651,22.624,28.489,43.708,43.689,47.482,34.013,61.257,47.614,50.878
SM 42:3,0,12.342,16.601,15.039,22.292,16.365,14.83,19.13,16.39,23.759,18.208,17.068,16.561,12.714,19.939,21.109,17.42,23.83,17.961,18.694,19.581,10.366,8.716,12.979,17.396,17.506,18.57,13.894,26.816,19.977,20.899
SM 42:4,0.008,1.249,1.852,1.142,1.944,1.813,1.621,1.633,1.464,3.29,1.582,2.094,1.95,1.864,1.787,1.927,1.511,1.458,2.253,0.742,1.815,1.311,0.643,0.901,1.461,1.515,1.444,0.482,1.68,1.543,1.299
PE 34:1,0,1.613,1.137,0.486,0.979,0.875,0.918,0.372,0.407,0.484,1.044,0.37,1.424,1.678,0.95,0.337,2.465,3.409,4.553,6.827,1.879,0.831,0.862,1.058,0.469,0.559,0.662,0.372,0.834,1.133,0.734
PE 34:2,0,2.91,2.682,1.635,1.48,1.197,1.392,1.043,1.077,1.019,1.731,0.781,2.691,2.8,1.77,1.089,2.637,3.383,3.693,5.494,2.075,1.84,2.087,2.169,0.709,0.951,0.98,0.56,1.056,2.24,2.033
PE 34:3,0,0.261,0.121,0.05,0.053,0.05,0.074,0.077,0.048,0.068,0.05,0.024,0.115,0.166,0.098,0.097,0.121,0.182,0.364,0.42,0.145,0.131,0.153,0.167,0.036,0.04,0.041,0.026,0.053,0.063,0.078
PE 36:1,0,1.215,1.53,0.446,0.38,0.442,0.527,0.242,0.263,0.44,0.625,0.212,1.087,1.171,0.815,0.287,1.073,1.796,1.668,2.575,1.06,0.321,0.365,0.438,0.314,0.308,0.407,0.262,0.426,1.29,0.819
PE 36:2,0,4.698,6.431,2.688,1.966,1.681,1.923,1.599,1.849,1.856,2.737,0.69,4.955,5.819,3.298,1.551,4.035,5.76,5.237,8.462,3.674,1.882,2.225,2.634,1.088,1.396,1.554,0.808,1.684,5.232,3.847
PE 36:3,0,2.027,2.233,0.701,0.522,0.597,0.82,0.5,0.477,0.377,0.864,0.235,1.266,1.97,0.833,0.472,1.129,1.707,1.862,2.711,1.208,0.863,0.999,1.203,0.362,0.451,0.475,0.264,0.446,1.396,1.212
PE 36:4,0,2.199,2.098,1.364,1.055,1.087,1.282,0.985,1.081,0.953,1.461,1.364,1.889,1.711,1.503,0.989,3.387,4.234,4.689,5.568,2.471,1.417,1.336,1.227,0.856,1.051,1.209,0.902,1.463,1.588,1.456
PE 36:5,0,0.171,0.175,0.08,0.072,0.049,0.091,0.138,0.098,0.175,0.061,0.071,0.18,0.229,0.162,0.104,0.183,0.245,0.506,0.614,0.213,0.173,0.201,0.145,0.046,0.066,0.061,0.043,0.074,0.103,0.161
PE 38:1,0,0.365,0.377,0.38,0.135,0.109,0.094,0.296,0.169,0.302,0.179,0.145,0.212,0.195,0.307,0.196,0.166,0.233,0.19,0.266,0.197,0.102,0.08,0.109,0.153,0.224,0.153,0.119,0.261,0.199,0.339
PE 38:2,0.003,0.458,0.287,0.254,0.258,0.281,0.298,0.228,0.221,0.256,0.255,0.155,0.303,0.184,0.326,0.252,0.253,0.375,0.362,0.233,0.252,0.144,0.185,0.164,0.234,0.262,0.294,0.132,0.288,0.339,0.292
PE 38:3,0.017,1.886,1.141,0.733,0.86,0.746,0.985,0.486,0.672,0.729,0.687,0.245,1.625,2.062,1.635,0.846,1.867,1.67,1.944,3.373,1.38,0.694,0.789,0.843,0.382,0.495,0.534,0.231,0.886,0.67,0.757
PE 38:4,0,9.432,12.862,8.587,7.051,5.835,5.624,6.144,7.013,7.517,8.763,6.253,9.963,8.623,7.276,5.117,17.546,17.613,18.248,22.507,13.635,4.266,3.999,3.603,5.096,6.539,6.878,5.427,9.331,9.39,7.631
PE 38:5,0,3.683,3.95,2.08,2.364,2.536,2.393,2.316,2.127,1.914,2.516,1.755,3.089,3.29,2.455,1.626,5.949,6.37,8.198,10.269,4.854,1.806,1.972,1.912,1.624,2.013,2.196,1.582,2.876,2.331,2.401
PE 38:6,0,6.322,6.867,4.26,3.227,2.484,2.551,4.637,3.681,5.552,4.839,4.554,3.854,2.779,3.646,3.236,8.07,7.544,7.323,7.885,4.506,2.94,2.222,2.227,2.242,2.822,3.165,2.409,4.198,4.051,4.842
PE 40:3,0,0.036,0.103,0.061,0.054,0.031,0.053,0.056,0.03,0.07,0.044,0.039,0.035,0.03,0.058,0.058,0.038,0.039,0.092,0.102,0,0.039,0.031,0.037,0.035,0.036,0.049,0,0.034,0.059,0.044
PE 40:4,0,0.287,0.277,0.179,0.177,0.172,0.139,0.147,0.195,0.17,0.191,0.13,0.343,0.436,0.341,0.138,0.726,0.804,1.142,1.66,0.88,0.123,0.15,0.134,0.245,0.244,0.261,0.193,0.329,0.227,0.183
PE 40:5,0.003,0.989,1.112,0.809,0.924,0.731,0.682,0.522,0.678,0.744,0.911,0.409,1.407,1.278,1.085,0.712,2.129,2.435,2.852,4.053,1.914,0.412,0.39,0.469,0.654,0.645,0.806,0.565,0.83,0.62,0.619
PE 40:6,0,3.775,4.238,2.51,2.435,1.542,1.482,2.97,2.402,5.252,3.261,2.115,3.255,2.189,2.896,2.471,6.398,4.819,4.221,4.902,3.296,1.388,1.063,1.178,1.501,1.631,1.804,1.519,2.85,3.281,3.988
PE 42:5,0,0.065,0.043,0.034,0.053,0.041,0.046,0.047,0.048,0.054,0.028,0,0.045,0.038,0.039,0.038,0.085,0.03,0.051,0.09,0.055,0.036,0,0.028,0.032,0.03,0.03,0.034,0.071,0.032,0.033
PI 32:0,0,0.335,0.254,0.221,0.118,0.178,0.269,0.13,0.24,0.14,0.194,0.188,0.491,0.556,0.4,0.199,0.251,0.765,0.71,1.033,0.425,0.497,0.34,0.231,0.266,0.206,0.212,0.177,0.222,0.206,0.146
PI 34:1,0,1.84,3.365,1.533,1.057,1.853,2.298,1.421,1.688,2.145,2.861,1.269,4.509,4.33,3.346,2.644,2.737,6.751,10.127,14.943,5.858,5.177,4.941,3.675,2.547,2.469,2.832,1.393,2.469,3.229,2.29
PI 34:2,0,1.487,2.013,1.424,1.023,1.753,2.425,1.314,1.375,1.857,1.828,1.026,2.933,2.336,2.244,2.551,1.493,2.907,4.132,5.968,2.207,2.511,3.357,2.107,1.375,1.328,1.499,0.622,1.455,1.591,2.126
PI 36:1,0,2.378,5.922,2.305,1.109,1.503,1.618,1.487,1.83,2.202,3.668,1.308,3.49,2.594,2.503,1.743,2.047,4.843,6.308,9.101,3.689,2.486,2.749,2.192,2.342,2.542,3.091,1.508,2.861,5.382,2.895
PI 36:2,0,7.168,12.472,7.489,4.772,5.445,5.739,6.108,5.947,5.754,8.827,4.462,7.705,5.327,6.295,6.155,4.776,9.375,9.747,15.51,6.119,6.481,6.437,5.307,5.522,5.726,5.982,2.956,5.862,8.702,8.341
PI 36:3,0,1.842,2.552,1.126,0.974,1.44,1.55,0.768,0.881,1.016,1.99,0.411,2.227,2.096,1.783,1.647,1.119,1.98,2.46,4.235,1.744,1.63,2.158,1.932,1.058,1.001,1.246,0.468,1.152,1.188,1.401
PI 36:4,0,1.371,2.339,1.397,1.622,1.968,2.603,1.069,1.248,2.454,2.68,1.574,3.578,3.507,3.192,3.811,3.56,6.33,7.169,6.771,3.961,2.14,3.02,1.95,2.287,2.128,2.512,1.345,3.09,1.643,1.964
PI 38:2,0,0.445,0.41,0.204,0.178,0.168,0.145,0.245,0.232,0.304,0.462,0.102,0.438,0.306,0.47,0.205,0.263,0.349,0.476,0.736,0.291,0.335,0.183,0.359,0.199,0.378,0.419,0.144,0.193,0.407,0.281
PI 38:3,0,4.629,5.432,3.295,3.026,3.239,2.366,2.443,3.063,3.68,3.237,1.992,7.085,5.926,6.777,3.82,4.297,5.759,7.282,12.472,5.902,3.354,3.099,4.192,3.594,3.864,3.353,1.745,3.827,2.933,3.156
PI 38:4,0,14.702,30.333,21.746,18.843,17.217,14.066,17.314,18.247,30.91,32.661,25.233,27.099,17.017,24.367,24.195,27.14,42.606,41.972,45.266,28.237,12.706,11.048,12.347,28.987,28.345,30.167,18.771,37.8,24.125,21.241
PI 38:5,0,1.278,2.165,0.898,1.041,1.246,1.577,0.841,0.86,1.19,1.753,0.753,1.995,1.648,1.75,1.859,1.426,2.43,3.936,5.388,2.228,1.543,1.756,1.281,1.315,1.065,1.607,0.628,1.418,0.991,1.244
PI 38:6,0,0.361,0.603,0.309,0.224,0.324,0.412,0.36,0.211,0.589,0.573,0.305,0.704,0.546,0.582,0.469,0.465,0.756,0.774,0.944,0.49,0.936,0.839,0.522,0.408,0.394,0.334,0.174,0.38,0.369,0.648
PI 40:4,0,0.311,0.516,0.364,0.211,0.229,0.162,0.239,0.254,0.387,0.415,0.313,0.578,0.377,0.521,0.36,0.469,0.653,0.988,1.696,0.804,0.348,0.252,0.375,0.425,0.537,0.643,0.368,0.707,0.479,0.295
PI 40:5,0,0.647,1.023,0.612,0.851,0.849,1.041,0.745,0.653,0.879,1.476,1.044,1.956,1.26,1.386,0.768,1.137,1.834,2.04,3.387,1.459,1.416,0.964,1.04,1.256,1.214,1.458,0.789,1.267,1.04,0.783
PI 40:6,0,1.176,1.768,0.975,0.584,0.962,0.818,1.055,0.856,1.664,1.576,1.024,1.775,1.227,1.48,1.162,1.37,1.591,1.943,3.021,1.423,2.005,1.634,1.475,1.557,1.164,1.235,0.756,1.453,1.654,1.854
PE P-18:0/16:0,0,0.118,0.103,0.11,0.042,0.04,0.033,0.082,0.078,0.08,0.055,0.044,0.084,0.071,0.093,0.109,0.047,0.077,0.061,0.052,0.081,0,0.03,0.011,0.07,0.086,0.075,0.042,0.1,0.058,0.036
PE P-16:0/18:1,0.002,1.729,0.876,0.828,0.448,0.513,0.43,0.598,0.458,0.428,0.943,0.26,0.671,0.554,0.585,0.524,0.388,0.673,0.594,0.869,0.46,0.309,0.361,0.356,0.637,0.802,0.675,0.348,0.795,0.519,0.523
PE P-18:1/16:0,0,0.574,0.503,0.11,0.198,0.12,0.019,0.222,0.118,0.099,0.094,0,0.038,0.029,0.059,0.076,0.013,0.131,0.03,0.027,0.004,0.022,0,0.004,0.073,0.094,0.062,0.021,0.12,0.031,0.159
PE P-16:0/18:2,0.005,3.674,2.634,2.382,0.388,0.512,0.598,1.639,1.533,1.007,1.528,0.36,1.813,1.494,1.618,1.321,0.625,1.085,0.824,0.931,0.525,0.375,0.48,0.568,1.165,1.427,1.338,0.592,1.444,1.123,1.167
PE P-18:0/18:1,0,0.872,0.955,0.647,0.257,0.228,0.239,0.588,0.5,0.584,0.649,0.26,0.574,0.428,0.44,0.485,0.379,0.668,0.597,0.782,0.558,0.19,0.195,0.343,0.695,0.77,0.821,0.357,0.584,0.697,0.6
PE P-18:1/18:1,0.006,0.964,0.82,0.518,0.404,0.339,0.264,0.665,0.394,0.424,0.645,0.181,0.487,0.297,0.44,0.524,0.241,0.475,0.36,0.643,0.351,0.244,0.193,0.328,0.333,0.65,0.646,0.375,0.577,0.501,0.505
PE P-18:0/18:2,0,2.621,3.392,2.887,0.648,0.587,0.515,1.931,2.247,1.261,1.453,0.643,2.243,1.528,1.605,1.454,0.936,1.486,1.238,1.435,0.598,0.63,0.685,0.755,1.515,2.056,1.949,0.996,1.596,2.113,1.901
PE P-16:0/20:3,0.022,1.306,0.577,0.494,0.212,0.133,0.203,0.254,0.37,0.228,0.314,0.056,0.55,0.485,0.552,0.386,0.298,0.416,0.385,0.45,0.192,0.129,0.13,0.179,0.298,0.334,0.381,0.164,0.585,0.213,0.361
PE P-18:1/18:2,0.014,1.9,1.744,1.656,0.501,0.335,0.314,1.256,1.158,0.747,1.038,0.247,1.004,0.885,0.951,0.735,0.448,0.682,0.531,0.649,0.365,0.322,0.308,0.471,0.779,1.105,0.945,0.549,0.948,0.855,0.926
PE P-18:0/18:3,0,0.134,0.071,0.113,0.033,0.048,0.05,0.054,0.044,0.064,0.052,0.023,0.076,0.067,0.045,0.063,0.048,0.027,0.094,0.048,0.039,0.035,0.026,0.06,0.046,0.055,0.051,0.032,0.062,0.042,0.05
PE P-16:0/20:4,0,7.899,6.599,6.238,1.553,1.41,1.104,4.035,3.488,5.655,3.276,1.472,5.094,4.279,5.214,5.076,3.745,7.058,4.903,6.814,4.122,0.88,0.677,0.915,4.154,4.563,4.253,2.273,5.306,2.229,3.034
PE P-18:1/18:3,0,0.169,0.074,0.065,0.046,0.041,0.06,0.049,0.045,0.068,0.046,0.041,0.033,0.041,0.046,0.036,0.042,0,0.041,0.057,0,0.036,0.024,0,0,0.037,0.063,0.044,0,0.051,0.052
PE P-16:0/20:5,0.013,0.676,0.364,0.351,0.022,0.041,0.097,0.758,0.236,1.009,0.197,0.083,0.428,0.383,0.391,0.516,0.163,0.237,0.437,0.507,0.238,0.08,0.074,0.075,0.096,0.185,0.233,0.111,0.29,0.174,0.88
PE P-18:0/20:3,0,0.919,0.569,0.452,0.193,0.194,0.197,0.177,0.473,0.459,0.217,0.164,0.61,0.489,0.572,0.34,0.38,0.457,0.401,0.495,0.317,0.138,0.082,0.085,0.405,0.605,0.474,0.232,0.355,0.303,0.23
PE P-16:0/22:4,0,0.432,0.49,0.549,0.341,0.323,0.169,0.336,0.306,0.249,0.498,0.349,0.377,0.291,0.485,0.33,0.399,0.582,0.474,0.604,0.406,0.208,0.154,0.187,0.529,0.536,0.56,0.365,0.633,0.408,0.288
PE P-18:1/20:3,0.018,0.629,0.282,0.268,0.115,0.145,0.122,0.201,0.166,0.229,0.179,0.05,0.227,0.316,0.247,0.308,0.188,0.137,0.139,0.35,0.116,0.077,0.067,0.062,0.23,0.322,0.317,0.096,0.238,0.075,0.148
PE P-18:0/20:4,0,5.651,8.232,7.805,1.005,1.129,0.692,4.566,4.77,5.879,3.138,3.166,5.614,4.378,4.169,5.706,3.85,10.595,5.438,7.204,4.265,0.681,0.493,0.432,5.137,6.576,5.481,3.143,6.326,3.726,4.145
PE P-16:0/22:5,0.004,0.979,1.231,1.392,0.724,0.458,0.576,0.814,0.9,1.026,0.816,0.434,1.191,0.879,1.039,0.882,0.986,1.379,1.025,1.639,1.019,0.429,0.301,0.345,0.773,1.196,1.081,0.647,1.105,0.658,0.728
PE P-18:1/20:4,0,3.637,5.164,4.01,1.02,0.986,0.712,3.307,2.872,3.991,2.62,1.15,3.15,2.501,3.453,3.838,2.326,4.634,3.106,4.878,2.635,0.554,0.578,0.537,2.709,4.27,3.54,1.93,4.23,1.58,2.415
PE P-18:0/20:5,0,0.697,0.644,0.562,0.056,0.056,0.137,1.121,0.493,1.11,0.252,0.176,0.643,0.505,0.482,0.654,0.22,0.551,0.562,0.61,0.294,0.079,0.083,0.096,0.267,0.377,0.372,0.126,0.33,0.248,1.271
PE P-16:0/22:6,0,2.98,3.503,3.352,1.142,0.564,0.65,2.923,1.968,3.891,2.285,1.491,1.823,1.334,2.291,2.17,1.938,2.621,1.903,2.542,2.125,0.689,0.576,0.63,1.897,1.774,1.821,1.039,1.88,1.707,2.25
PE P-18:1/20:5,0.01,0.394,0.269,0.223,0.043,0.085,0.083,0.871,0.223,0.909,0.142,0.107,0.312,0.303,0.313,0.36,0.089,0.17,0.289,0.29,0.224,0.08,0.104,0.077,0.078,0.107,0.184,0.071,0.255,0.095,0.742
PE P-18:0/22:4,0,0.123,0.406,0.274,0.056,0.06,0.005,0.099,0.028,0.111,0.13,0.087,0.038,0.062,0.095,0.085,0.078,0.169,0.089,0.186,0.091,0.016,0,0,0.199,0.194,0.15,0.077,0.169,0.176,0.066
PE P-18:0/22:5,0,0.305,0.989,0.479,0.213,0.087,0.087,0.342,0.447,0.31,0.245,0.211,0.536,0.286,0.33,0.215,0.282,0.461,0.421,0.526,0.31,0.127,0.039,0.081,0.368,0.478,0.453,0.211,0.491,0.287,0.257
PE P-18:0/22:6,0,1.448,3.143,2.532,0.44,0.337,0.384,1.967,1.346,2.587,1.316,1.074,1.313,0.81,1.159,1.699,0.935,1.91,0.942,1.36,0.855,0.414,0.242,0.309,1.325,1.582,1.708,0.79,1.585,1.633,1.847
PE P-18:1/22:6,0.008,1.071,1.78,1.326,0.797,0.355,0.24,1.782,0.716,1.877,1.055,0.64,0.761,0.465,0.741,1.12,0.73,1.07,0.519,0.977,0.607,0.299,0.237,0.206,0.699,0.78,0.796,0.547,0.959,0.791,1.098
LPC 15:0,0,0.559,0.585,0.518,0.205,0.16,0.178,0.675,0.712,0.531,0.492,0.267,0.73,0.505,0.626,0.46,0.349,0.42,0.317,0.417,0.43,0.345,0.328,0.42,0.409,0.414,0.631,0.264,0.498,0.381,0.603
LPC 16:0,0,45.667,58.19,52.924,37.666,31.081,26.629,47.18,60.113,74.806,69.658,51.948,74.697,54.373,59.346,45.938,73.575,100.205,107.49,147.746,88.343,32.913,32.65,47.977,57.717,60.187,78.818,47.261,101.184,45.407,76.227
LPC 16:1,0,1.368,1.253,1.012,1.299,1.165,0.979,1.435,1.875,2.534,1.784,0.837,2.915,2.751,2.386,2.417,3.146,5.544,8.38,11.402,6.094,1.887,2.092,2.359,1.402,1.439,2.109,1.096,2.273,0.91,1.516
LPC 18:0,0,12.89,25.163,21.025,10.212,9.713,8.959,16.524,19.894,26.118,18.907,9.117,23.504,15.204,18.027,17.865,22.119,26.292,25.894,32.657,19.672,7.03,8.644,10.673,17.972,19.064,24.496,12.674,27.707,18.631,31.582
LPC 18:1,0,15.103,21.143,12.37,12.664,10.952,8.216,12.686,14.012,13.889,19.826,11.735,16.44,13.755,15.21,12.559,15.971,28.248,35.527,49.808,25.209,10.499,11.004,15.662,15.899,16.875,22.726,14.094,24.946,14.043,17.62
LPC 18:2,0,13.722,22.77,14.489,7.465,6.334,4.842,14.68,16.05,12.291,10.971,8.277,15.165,11.311,11.916,10.764,8.372,21.526,15.518,17.355,13.471,7.517,7.391,11.641,13.095,14.978,18.112,10.714,16.192,13.709,16.728
LPC 18:3,0,0.529,0.389,0.167,0.09,0.144,0.136,0.316,0.292,0.292,0.138,0.082,0.331,0.376,0.246,0.343,0.165,0.434,0.784,0.742,0.436,0.259,0.226,0.347,0.211,0.229,0.265,0.167,0.275,0.182,0.199
LPC 20:3,0,1.146,1.123,0.878,0.847,0.913,0.895,0.835,1.143,1.101,0.898,0.598,1.758,1.651,1.549,1.326,1.76,2.588,2.943,3.604,2.522,0.926,0.737,1.066,1.382,1.515,1.68,1.121,2.123,0.72,1.059
LPC 20:4,0,2.188,3.605,3.378,2.852,2.511,1.696,3.157,3.489,4.695,3.724,5.169,3.552,2.598,2.746,3.213,5.166,8.685,7.831,8.259,6.873,1.784,1.477,1.913,4.802,5.404,6.055,5.291,8.738,2.526,3.426
LPC 20:5,0,0.195,0.335,0.159,0.119,0.123,0.131,0.661,0.342,0.925,0.141,0.188,0.447,0.345,0.287,0.372,0.365,0.554,0.723,0.894,0.661,0.234,0.23,0.234,0.177,0.23,0.281,0.18,0.308,0.153,0.489
LPC 22:4,0,0.076,0.115,0.095,0.097,0.102,0.083,0.068,0.082,0.109,0.148,0.133,0.095,0.099,0.12,0.121,0.175,0.29,0.366,0.393,0.26,0.069,0.074,0.077,0.144,0.148,0.174,0.126,0.257,0.087,0.114
LPC 22:5,0,0.13,0.207,0.209,0.223,0.193,0.156,0.263,0.259,0.301,0.328,0.292,0.315,0.266,0.243,0.3,0.443,0.772,0.805,0.828,0.584,0.177,0.144,0.207,0.359,0.425,0.515,0.407,0.519,0.192,0.234
LPC 22:6,0,0.611,0.877,0.734,0.483,0.375,0.299,0.995,0.733,1.539,0.98,0.993,0.559,0.405,0.499,1.068,1.004,1.561,1.321,1.233,1.077,0.437,0.321,0.383,1.019,0.988,1.05,0.852,1.522,0.689,1.338
Cer d18:1/16:0,0,0.361,0.714,0.665,1.04,0.574,0.54,0.414,0.418,0.618,1.874,0.666,0.58,0.568,0.58,0.594,0.707,0.752,0.675,0.758,0.671,0.303,0.309,0.348,0.659,0.675,0.678,0.418,0.822,1.017,0.696
Cer d18:1/18:0,0,0.06,0.112,0.13,0.636,0.326,0.262,0.114,0.107,0.253,0.935,0.277,0.124,0.115,0.206,0.204,0.216,0.14,0.12,0.204,0.253,0.156,0.174,0.171,0.317,0.317,0.233,0.223,0.318,0.27,0.181
Cer d18:1/20:0,0,0.114,0.143,0.165,0.397,0.216,0.171,0.138,0.161,0.199,0.468,0.196,0.199,0.169,0.288,0.198,0.16,0.172,0.184,0.147,0.273,0.141,0.136,0.242,0.223,0.284,0.258,0.179,0.355,0.318,0.218
Cer d18:1/22:0,0,0.551,1.22,1.192,0.943,0.615,0.689,1.022,0.987,1.076,1.293,0.709,1.317,0.95,1.297,0.78,1.033,1.099,1.146,1.079,1.064,0.438,0.469,0.727,1.289,1.376,1.342,0.84,1.512,1.505,1.089
Cer d18:1/22:1,0,0.031,0.042,0.043,0.127,0.069,0.065,0.028,0.047,0.063,0.144,0.039,0.059,0.077,0.062,0.05,0.06,0.052,0.057,0.048,0.096,0.072,0.036,0.046,0.059,0.055,0.091,0.029,0.066,0.079,0.072
Cer d18:1/23:0,0,0.41,1.484,1.294,0.506,0.3,0.331,1.055,1.167,1.048,0.658,0.704,0.945,0.853,0.949,0.689,0.74,0.862,0.946,0.953,0.852,0.213,0.227,0.412,0.788,0.854,0.901,0.52,1.077,1.537,1.06
Cer d18:1/24:0,0,1.875,4.441,4.664,1.713,1.321,1.24,3.78,3.988,2.927,2.166,2.434,5.002,3.95,4.986,2.1,3.382,4.43,4.468,4.908,4.204,1.6,1.341,2.339,4.234,4.542,4.348,2.323,4.39,4.567,3.775
Cer d18:1/24:1,0,2.316,2.789,2.818,6.056,3.907,3.739,2.654,2.383,3.185,6.217,2.53,3.863,2.736,4.11,3.119,4.037,4.087,4.267,4.859,5.532,2.45,1.871,3.345,4.221,4.396,5.168,3.267,6.452,4.07,4.016
Cer d18:1/26:0,0,0.021,0.092,0.076,0.057,0.036,0.034,0.062,0.091,0.071,0.023,0.042,0.102,0.057,0.124,0.05,0.049,0.083,0.123,0.117,0.048,0.02,0.018,0.066,0.079,0.076,0.086,0.05,0.109,0.087,0.079
Cer d18:1/26:1,0,0.063,0.031,0.016,0.073,0.08,0.109,0.091,0.083,0.1,0.12,0.085,0.087,0.12,0.106,0.061,0.065,0.059,0.092,0.171,0.116,0.067,0.073,0.098,0.083,0.094,0.067,0.026,0.124,0.093,0.141
HexCer d18:1/16:0,0,0.672,0.987,0.862,0.933,0.546,0.623,0.731,0.729,0.832,1.482,1.037,0.895,0.707,0.896,1.008,0.82,0.891,0.766,1.009,0.702,0.595,0.504,0.539,0.797,0.789,0.801,0.518,0.903,1.139,0.849
HexCer d18:1/18:0,0,0.098,0.157,0.137,0.179,0.118,0.13,0.141,0.128,0.068,0.278,0.18,0.13,0.151,0.155,0.127,0.052,0.085,0.088,0.088,0.076,0.115,0.118,0.081,0.15,0.191,0.151,0.088,0.162,0.138,0.076
HexCer d18:1/20:0,0.015,0.108,0.154,0.148,0.146,0.153,0.096,0.175,0.18,0.091,0.233,0.159,0.104,0.128,0.154,0.157,0.075,0.136,0.131,0.153,0.104,0.094,0.065,0.057,0.119,0.148,0.143,0.115,0.175,0.249,0.086
HexCer d18:1/22:1,0,0.108,0.104,0.119,0.196,0.102,0.164,0.128,0.115,0.105,0.185,0.138,0.084,0.089,0.083,0.102,0.089,0.093,0.054,0.123,0.071,0.116,0.073,0.053,0.084,0.086,0.069,0.084,0.077,0.096,0.178
HexCer d18:1/22:1,0,0.802,1.704,1.27,0.9,0.556,0.789,1.739,1.46,1.214,1.142,1.117,1.487,1.076,1.174,1.059,1.008,1.189,1.063,1.38,0.984,0.492,0.384,0.554,1.234,1.147,1.084,0.829,1.392,1.812,1.285
HexCer d18:1/23:0,0,0.427,0.927,0.795,0.307,0.23,0.232,0.741,0.699,0.62,0.394,0.582,0.643,0.566,0.552,0.496,0.463,0.572,0.485,0.535,0.583,0.192,0.187,0.207,0.52,0.536,0.565,0.351,0.64,1.179,0.574
HexCer d18:1/24:0,0,1.136,1.921,1.596,1.099,0.772,1.009,1.696,1.676,1.515,1.153,1.241,2.065,1.904,1.639,1.258,1.721,1.851,1.858,2.526,2.004,0.825,0.574,0.818,1.645,1.743,1.754,1.233,1.816,2.086,1.393
HexCer d18:1/24:1,0,2.146,2.063,2.052,4.026,2.5,3.823,2.709,2.502,2.393,3.434,2.357,2.622,2.2,2.568,3.35,2.448,3.084,2.338,3.442,2.835,1.872,1.438,1.625,2.381,2.426,2.684,1.934,2.919,2.827,2.494
HexCer d18:1/26:0,0,0.043,0,0,0,0,0,0.029,0,0,0.027,0,0.035,0.079,0,0,0,0.027,0,0.088,0.033,0,0,0,0,0,0,0,0,0,0
HexCer d18:1/26:1,0,0.047,0,0.033,0,0,0,0,0.035,0,0,0,0.038,0.035,0,0.03,0,0,0,0.06,0,0,0,0,0,0,0,0,0,0.033,0
LPC 14:0,0,2.732,0,0,0,0,0,0,1.615,0,0,0,2.408,2.224,2.035,0,0,2.708,3.563,4.974,2.457,1.322,1.384,2.329,0,0,2.296,0,0,0,0
LPC 16:0,0,98.873,125.921,116.149,81.387,67.067,57.674,99.614,126.713,157.848,153.576,117.711,154.917,118.374,133.4,106.456,165.694,235.927,236.21,351.355,203.104,77.005,77.793,110.899,135.04,141.063,180.343,115.23,230.56,104.972,183.742
LPC 16:1,0,2.256,1.939,1.557,2.195,1.943,1.56,2.364,2.961,3.793,2.92,0,4.287,4.389,3.805,4.021,5.038,9.167,13.061,19.754,10.049,3.261,3.472,4.022,2.547,2.429,3.189,2,3.815,0,2.526
LPC 17:0,0,1.78,2.653,2.186,0,0,0,2.189,2.295,2.083,1.918,0,2.371,1.803,2.511,1.606,0,0,0,0,0,0,0,1.735,1.782,1.887,2.42,0,2.25,1.859,3.161
LPC 18:0,0,27.974,53.542,46.439,22.234,21.047,19.352,34.207,44.126,56.668,42.04,19.943,48.841,33.685,41.598,40.309,48.052,58.815,55.87,71.018,44.104,14.98,18.057,23.467,39.111,43.786,53.56,30.017,61.475,40.567,72.179
LPC 18:1,0,25.806,34.884,20.448,20.906,18.631,13.599,20.369,22.869,22.986,33.991,19.469,26.246,22.97,26.63,20.893,26.995,48.375,60.642,85.261,43.571,17.785,18.394,27.85,25.321,29.487,38.45,25.653,40.367,23.384,30.144
LPC 18:2,0,23.454,38.925,25.009,12.062,10.61,8.1,24.065,25.199,20.123,18.608,13.877,24.46,19.718,21.591,19,13.811,37.591,25.586,30.104,22.315,13.089,13.432,20.931,23.04,26.553,31.287,20.782,27.083,23.622,30.483
LPC 20:3,0,1.855,1.73,0,0,1.466,0,0,1.851,1.742,0,0,2.765,2.88,2.771,2.184,2.676,4.189,4.718,6.205,4.415,1.567,0,2.069,2.447,2.526,2.838,2.06,3.279,0,1.952
LPC 20:4,0,3.861,5.947,5.732,4.653,4.232,2.908,5.165,6.044,8.017,6.184,9.19,5.853,4.672,5.348,6.192,9.334,16.579,13.181,15.562,12.882,3.239,2.852,3.739,8.888,9.782,11.814,10.344,15.578,4.536,6.542
LPC 22:6,0,0,0,0,0,0,0,1.774,0,2.877,1.74,1.964,0,0,0,2.125,1.899,3.358,2.504,2.376,2.096,0,0,0,2.044,1.815,2.25,1.837,2.848,0,2.572
LPC O-16:0,0,0,0,0,0,0,0,0,0,0,0,0,0,0,0,0,0,0,0,0,0,0,0,0,0,0,1.492,0,1.802,0,0
LPC O-16:1,0,0,0,0,0,0,0,0,0,0,0,0,0,0,0,0,0,0,0,0,0,0,0,0,0,0,0,0,0,0,0
LPC O-18:1,0,0,0,0,0,0,0,0,0,0,0,0,0,0,0,0,0,0,0,0,0,0,0,0,0,0,0,0,1.667,0,0
LPE 15:0,0,0,0,0,0,0,0,0,0,0,0,0,0,0,0,0,0,0,0,0,0,0,0,0,0,0,0,0,0,0,0
LPE 16:0,0,4.311,3.374,0,0,0,0,0,0,2.523,2.66,3.427,4.276,3.529,3.653,2.544,4.134,5.66,6.53,8.395,3.609,3.06,3.187,4.138,2.524,2.85,3.271,2.604,3.877,2.583,4.44
LPE 18:0,0,9.066,10.177,8.022,4.834,5.003,4.797,6.484,7.781,10.147,9.224,7.286,11.173,8.474,9.21,6.97,10.413,13.868,14.293,18.877,10.979,5.113,5.395,7.526,7.472,8.181,10.247,6.487,13.355,7.238,12.698
LPE 18:1,0,4.131,5.646,0,0,0,0,0,0,0,3.02,0,4.091,4.307,3.436,0,3.461,7.858,8.353,11.638,4.741,2.86,2.92,4.193,2.704,2.942,3.521,2.253,3.227,4.226,4.558
LPE 18:2,0,3.997,6.945,3.629,0,0,0,2.932,2.723,0,2.657,0,5.944,6.996,4.689,3.482,2.802,6.536,5.701,8.1,4.115,4.133,4.562,6.231,3.29,3.88,4.241,2.65,3.211,5.794,5.952
LPE 20:4,0,0,3.265,0,0,0,0,0,0,0,0,2.697,3.586,3.042,2.916,3.467,3.834,6.569,6.694,8.579,5.326,2.916,2.323,2.555,3.465,4.194,4.161,3.45,5.023,3.102,3.1
LPE 22:6,0,0,0,0,0,0,0,2.983,0,3.437,0,2.534,0,0,0,3.951,2.533,3.095,2.731,3.239,0,2.083,0,0,2.518,2.626,2.604,2.279,3.462,0,2.965
Cer 32:1;2,0.07,0.019,0,0.088,0,0.18,0.065,0.025,0.167,0.146,0.256,0.236,0.242,0.098,0.117,0,0.135,0.024,0.172,0,0,0,0,0.061,0,0.023,0.242,0,0.055,0.224,0
Cer 34:1;2,0,0.517,0.618,0.603,0.993,0.728,0.655,0.551,0.566,0.699,1.655,0.764,0.599,0.733,0.671,0.635,0.8,0.865,0.697,0.795,0.721,0.488,0.501,0.622,0.711,0.763,0.77,0.675,0.746,0.993,0.769
Cer 40:1;2,0,0.471,1.008,0.992,0.598,0,0,0.86,0.824,0.719,0.9,0,1.052,0.738,1.006,0,0.697,0.857,0.856,0.9,0.718,0,0,0,0.806,0.906,0.987,0.61,1.022,1.183,0.837
Cer 41:1;2,0,0,1.055,1.02,0,0,0,0.866,0.879,0.688,0,0,0.827,0.655,0.685,0,0,0,0.595,0,0,0,0,0,0.506,0.691,0.612,0,0.6,1.162,0.822
Cer 42:1;2,0,1.233,3.05,3.239,1.131,0.884,0.822,2.54,2.615,2.303,1.646,1.611,3.353,2.62,3.207,1.444,2.262,2.881,2.745,2.95,3.108,0.909,0.858,1.502,2.867,3.371,2.994,1.982,3.418,3.266,2.429
Cer 42:2;2,0,1.267,1.739,1.635,2.669,1.796,1.667,1.678,1.542,1.748,2.953,1.274,2.045,1.475,2.342,1.357,2.119,2.178,2.291,2.433,2.379,1.155,0.936,1.695,2.049,2.398,2.658,1.741,3.054,2.361,2.126
Cer 43:1;2,0,0,0,0,0,0,0,0,0,0,0,0,0.569,0,0,0,0,0,0,0,0,0,0,0,0,0,0,0,0,0,0
PC 30:0,0,5.989,2.376,1.728,2.051,1.552,1.829,2.22,2.179,1.547,2.743,0,5.447,6.218,4.387,1.916,3.017,4.882,7.217,9.226,3.957,3.672,3.295,3.731,0,0,1.672,0,0,2.624,1.593
PC 32:0,0,11.284,13.838,11.792,21.109,15.499,14.087,10.867,9.367,10.671,21.291,13.212,16.316,15.814,15.963,11.423,14.814,23.155,20.345,22.416,14.71,9.492,9.201,9.391,12.341,13.029,13.642,8.916,15.266,15.042,13.574
PC 32:1,0,8.596,9.195,7.051,15.796,10.879,12.977,8.593,8.847,15.766,13.624,5.279,29.289,38.504,21.603,22.06,27.464,55.511,93.604,132.987,61.31,25.901,26.488,22.16,9.073,9.099,9.468,6.379,9.303,8.933,7.077
PC 32:2,0,3.004,2.198,1.582,1.625,0,0,2.794,3.31,2.083,2.175,0,3.973,3.427,2.231,2.406,2.087,3.263,5.105,7.061,3.993,2.088,2.075,2.342,0,0,0,0,0,0,0
PC 33:1,0,2.358,3.633,2.49,2.503,1.73,1.492,2.765,2.558,2.836,3.638,0,5.701,6.88,4.848,2.989,2.282,3.288,3.155,4.409,4.392,3.591,3.625,3.927,2.185,2.07,2.916,0,1.901,3.483,2.288
PC 33:2,0,2.508,3.398,3.008,1.788,0,0,3.746,3.132,2.373,3.17,0,2.564,2.083,1.876,2.016,0,0,0,0,0,1.247,1.168,1.263,1.403,0,1.818,0,0,2.604,2.013
PC 34:1,0,145.857,248.755,184.373,295.975,195.798,175.836,156.535,153.717,211.899,369.414,215.918,304.032,327.19,262.838,218.115,281.734,474.08,631.155,869.217,436.456,173.075,165.332,212.481,215.614,225.525,256.371,185.663,301.875,270.711,184.477
PC 34:2,0,284.612,563.16,501.885,475.665,250.754,220.822,385.089,377.64,452.547,594.158,268.128,437.766,348.772,310.691,323.018,338.017,453.439,378.367,506.207,419.612,200.794,187.68,243.215,351.122,359.904,360.342,211.108,373.049,507.716,395.653
PC 34:3,0,11.573,14.189,7.01,10.932,6.842,6.932,11.361,10.366,12.213,10.681,2.613,13.435,13.838,8.767,13.749,9.218,14.441,20.942,27.419,17.541,9.42,9.412,9.428,6.431,6.831,7.514,3.281,6.152,6.592,6.393
PC 34:4,0,0,0,0,0,0,0,0,0,0,0,0,0,0,0,0,0,0,2.237,3.019,2.015,0,0,0,0,0,0,0,0,0,0
PC 35:1,0,2.286,4.413,2.535,2.747,1.889,0,2.735,2.338,2.811,4.162,1.7,4.831,5.75,4.887,2.883,2.321,2.716,3.066,3.266,3.345,2.458,2.514,3.285,2.707,2.633,3.713,1.996,3.253,4.418,2.723
PC 35:2,0,6.084,12.941,10.286,6.195,3.233,2.427,9.829,7.433,6.825,8.472,2.41,8.25,6.458,6.695,5.776,3.202,3.976,2.72,3.516,4.485,3.693,3.492,5.333,5.078,5.519,5.733,2.838,4.175,9.957,8.719
PC 36:1,0,20.307,43.843,25.792,26.255,22.351,25.795,20.263,18.941,25.268,32.613,11.934,42.419,56.194,36.853,36.632,35.201,59.594,95.915,119.022,48.338,18.297,26.292,23.095,24.175,26.542,31.683,18.969,28.212,52.063,29.218
PC 36:2,0,156.853,373.347,268.734,204.087,140.398,133.598,187.282,190.383,228.776,252.742,71.11,248.237,192.928,181.202,211.343,180.24,237.048,226.042,304.211,187.496,95.517,102.901,114.634,164.483,183.935,175.308,101.434,166.953,310.814,237.983
PC 36:3,0,112.258,163.767,110.102,126.777,99.472,96.657,90.066,103.41,96.954,149.476,47.717,171.385,155.837,131.956,103.57,140.529,158.844,176.776,236.447,163.154,72.99,65.912,90.886,101.527,103.488,110.455,57.312,124.315,112.014,96.536
PC 36:4,0.416,105.311,198.745,180.582,179.86,120.329,90.901,141.109,140.366,215.812,225.038,242.232,180.523,140.801,122.872,132.699,237.35,355.635,312.612,368.801,310.917,72.331,63.011,64.107,182.009,200.115,205.337,159.311,250.918,142.468,128.743
PC 36:5,0,7.986,15.779,7.59,8.754,6.692,6.727,26.971,14.435,37.818,10.44,8.89,21.797,17.781,12.294,12.943,16.457,23.199,33.149,42.216,28.19,9.339,9.21,8.681,7.254,8.608,9.553,4.817,9.039,6.211,18.467
PC 37:3,0,1.326,1.658,0,0,0,0,0,0,0,0,0,2.258,2.186,1.837,0,0,0,0,0,0,0,0,0,0,0,0,0,0,0,0
PC 37:4,0,1.819,4.013,3.529,2.177,0,0,3.127,2.85,3.568,3.282,2.666,3.121,2.527,2.345,2.448,2.175,2.506,0,0,2.647,0,0,0,2.891,2.965,3.644,2.014,3.166,3.112,2.516
PC 38:3,0,23.211,32.294,24.313,27.88,29.118,38.18,20.616,24.999,32.811,25.918,9.874,56.735,54.069,44.907,43.151,48.752,48.098,52.208,63.745,42.082,16.04,16.298,19.409,29.432,29.894,26.786,15.562,31.486,27.354,27.501
PC 38:4,0,50.202,117.345,103.593,91.227,74.383,63.727,75.931,75.231,123.032,116.333,83.301,94.886,75.489,72.529,99.34,139.038,185.569,159.937,185.145,139.063,34.479,35.339,29.934,104.956,117.983,107.731,81.618,131.79,96.377,85.995
PC 38:5,0,24.846,48.015,37.707,42.565,32.983,27.751,43.294,38.097,53.119,59.938,40.666,52.822,41.863,36.904,39.275,65.064,89.672,95.485,118.069,76.315,20.046,19.325,19.881,44.469,45.807,52.24,34.117,58.622,32.666,35.417
PC 38:6,0,38.938,84.328,68.344,44.158,29.36,22.666,75.67,51.824,118.888,94.882,73.526,49.486,36.228,40.772,61.669,77.803,105.156,79.769,86.556,78.176,28.417,21.264,24.762,66.478,64.331,65.309,45.374,77.306,63.901,65.801
PC 40:4,0,2.209,3.006,2.865,2.693,2.117,2.644,1.538,1.862,2.39,3.382,2,3.954,4.279,2.901,3.254,5.597,8.499,9.71,11.318,6.781,1.34,1.731,0,3.63,3.547,3.587,2.436,4.108,3.055,2.373
PC 40:5,0,5.333,7.557,7.118,9.356,6.988,7.714,6.279,6.25,8.693,12.15,5.29,11.488,10.901,8.92,10.205,17.688,25.205,23.696,28.35,16.121,4.254,4.534,3.665,10.387,10.264,10.943,6.938,11.268,7.598,6.247
PC 40:6,0,10.914,26.832,20.673,16.37,12.072,11.523,20.864,15.403,40.41,29.283,12.035,19.132,14.782,16.241,32.61,32.61,41.989,32.092,33.46,25.413,9.009,9.183,7.257,23.319,22.164,20.347,13.531,24.67,25.913,26.754
PC 40:7,0,3.952,5.894,3.25,3.524,2.563,1.952,4.534,3.36,4.47,5.605,2.447,3.167,2.593,2.506,3.998,6.126,6.849,7.398,9.633,6.372,1.879,1.668,2.337,4.116,3.853,3.841,2.271,5.058,3.352,3.254
PC O-32:0,0,0,1.657,1.762,2.06,1.675,3.202,1.598,0,0,0,0,1.687,1.589,1.848,2.008,2.147,3.009,2.393,2.28,2.098,0,0,0,1.785,1.89,2.191,0,1.744,0,0
PC O-32:1,0,0,2.527,2.449,2.688,1.99,3.21,1.851,1.904,1.943,2.956,2.148,2.383,2.252,2.167,2.058,2.405,3.211,2.874,2.903,2.684,1.527,0,0,1.766,1.772,2.442,1.453,2.055,2.494,1.896
PC O-34:1,0,2.861,5.257,4.607,6.332,5.056,6.116,3.791,3.302,2.649,5.492,3.83,3.395,3.173,3.522,4.122,4.555,6.122,4.692,5.276,3.717,3.307,2.576,3.119,3.843,4.451,4.656,3.031,4.619,4.938,4.093
PC O-34:2,0,3.492,8.227,7.073,5.977,4.553,4.991,5.009,4.817,3.993,7.104,3.993,4.377,3.599,4.438,4.068,4.853,8.092,5.536,7.414,4.09,2.684,2.875,3.498,4.486,5.368,7.509,3.995,7.245,5.548,5.406
PC O-34:3,0,3.704,9.446,7.825,7.012,5.694,4.12,6.368,5.014,4.405,7.073,3.593,4.837,3.9,5.492,4.435,5.378,6.772,4.978,5.788,4.513,2.086,2.305,2.867,3.604,4.454,6.543,3.64,5.734,7.385,7.108
PC O-36:2,0,1.424,2.635,2.562,2.268,1.782,2.448,1.686,1.602,0,2.191,1.761,0,0,0,1.606,0,2.215,0,0,0,0,0,0,1.762,1.866,2.247,1.332,1.857,2.65,2.007
PC O-36:3,0,2.655,5.434,4.721,3.939,2.919,3.583,3.569,3.069,2.52,3.417,2.036,2.833,2.474,2.607,3.075,2.897,4.466,3.011,4.74,2.523,1.742,1.458,2.195,2.724,3.559,4.102,2.236,3.846,4.097,3.331
PC O-36:4,0,6.489,15.936,13.823,11.154,8.299,8.291,9.656,9.191,9.689,12.696,10.519,10.828,9.225,10.433,11.285,12.973,24.609,15.211,23.383,17.88,5.105,3.95,4.571,12.078,15.279,15.134,10.282,14.664,8.349,8.316
PC O-36:5,0,4.898,11.772,9.641,9.505,7.258,5.241,7.894,6.044,9.296,13.224,10.212,9.577,6.985,8.648,7.548,9.179,14.114,8.894,11.628,9.648,3.229,2.771,2.921,8.799,8.446,10.949,6.758,10.888,7.98,7.614
PC O-38:4,0,3.306,8.062,7.72,5.269,3.861,4.813,4.553,4.661,4.189,6.253,6.515,5.914,4.983,5.385,5.213,6.944,10.077,7.58,8.451,7.159,2.963,2.089,2.35,8.33,10.023,9.759,5.767,7.226,6.513,4.801
PC O-38:5,0,7.609,16.308,13.504,16.469,12.324,11.585,11.476,9.58,10.651,17.143,14.09,10.054,8.135,10.192,12.221,13.163,22.949,13.938,18.094,15.157,6.233,4.334,4.906,13.314,14.732,15.416,10.213,14.911,10.854,9.073
PC O-38:6,0,2.1,6.384,4.728,5.165,3.496,2.779,4.977,3.543,5.198,6.355,4.434,3.936,3.115,3.842,3.839,4.608,7.512,4.644,5.955,4.724,1.709,1.398,0,3.935,3.692,5.135,2.936,4.512,3.613,4.198
PC O-40:5,0,0,2.418,2.415,2.607,1.748,2.481,1.809,1.699,0,2.348,2.252,1.793,0,0,2.1,1.968,2.928,2.179,2.365,2.204,1.338,0,0,2.255,2.613,2.939,1.773,2.096,1.828,0
PC O-40:6,0,0,2.754,2.263,2.642,1.751,2.005,2.141,1.641,1.594,2.726,2.176,1.938,0,0,1.845,2.033,3.024,2.083,1.966,1.801,0,0,0,2.206,2.247,2.581,0,1.766,1.74,0
PE 34:1,0,2.583,1.712,0,1.352,1.279,1.273,0,0,0,0,0,2.013,2.359,1.448,0,3.182,4.564,6.88,10.081,2.697,1.493,1.135,1.353,0,0,0,0,0,1.463,0
PE 34:2,0,4.425,3.795,2.438,2.08,1.712,1.978,1.721,1.554,1.361,2.48,0,3.802,4.249,2.831,1.584,3.647,4.651,5.355,7.944,2.825,2.513,2.861,3.336,0,1.249,1.399,0,1.467,3.062,2.968
PE 36:1,0,2.158,3.012,0,0,0,0,0,0,0,1.609,0,1.646,2.592,1.349,1.353,1.994,3.785,4.409,6.539,2.975,0,0,0,0,0,0,0,0,1.929,1.329
PE 36:2,0,11.38,14.915,7.539,5.533,4.374,4.272,4.74,4.773,5.121,7.563,2.702,12.099,11.549,8.537,4.438,8.197,12.489,12.192,19.112,8.601,4.85,5.015,6.273,3.494,4.252,4.278,2.668,5,11.533,9.182
PE 36:3,0,4.265,3.644,0,0,0,0,0,0,0,1.404,0,2.307,3.131,1.473,0,1.629,2.656,3.105,5.112,1.769,1.253,1.633,1.947,0,0,0,0,0,1.972,1.64
PE 36:4,0,5.95,4.912,3.272,2.336,2.601,2.724,2.475,2.372,2.207,3.427,3.056,4.433,4.168,3.595,2.641,7.341,9.202,11.124,13.577,5.943,3.545,3.269,2.792,1.942,2.73,2.717,2.039,3.335,3.307,3.3
PE 38:4,0,10.675,12.597,9.525,6.897,6.132,5.63,6.637,6.782,7.531,8.95,6.603,9.627,8.131,7.833,5.607,16.053,16.903,17.35,22.592,13.712,4.243,3.713,3.596,5.594,7.114,7.04,5.698,9.503,9.075,8.182
PE 38:5,0,3.662,3.497,2.02,2.057,2.237,2.221,1.753,1.929,1.7,2.216,1.308,3.156,3.092,2.15,1.571,4.965,5.689,8.041,10.177,4.098,1.567,1.68,1.585,1.218,1.629,1.782,1.448,2.726,1.787,2.5
PE 38:6,0,7.112,5.924,4.13,3.01,2.601,2.192,4.358,3.106,5.228,4.8,4.692,3.862,2.576,3.707,3.554,7.745,7.231,7.492,7.761,3.939,2.787,2.218,2.148,2.042,2.925,2.852,2.523,3.992,3.828,4.827
PE 40:6,0,3.333,3.26,2.349,1.963,1.448,1.253,2.172,1.811,4.607,2.812,1.838,2.62,1.685,2.451,2.186,4.747,3.889,3.403,3.878,2.793,1.106,0,0,1.222,1.591,1.711,1.386,2.498,2.421,3.523
PE 40:7,0,1.784,2.573,1.698,0,0,0,1.65,1.288,1.493,0,1.297,1.316,0,1.332,0,1.48,1.528,1.414,1.626,0,0,0,0,0,0,0,0,0,1.15,1.345
PE O-34:2,0,1.864,0,0,0,0,0,0,0,0,0,0,0,0,0,0,0,0,0,0,0,0,0,0,0,0,0,0,0,0,0
PE O-34:3,0,3.165,2.303,2.085,0,0,0,1.276,1.424,0,0,0,1.591,1.259,1.466,0,0,0,0,0,0,0,0,0,0,1.215,1.283,0,1.178,0,0
PE O-36:3,0,3.603,4.388,3.397,0,0,0,2.682,2.578,1.77,2.143,0,2.575,1.787,1.989,1.938,0,2.007,1.621,1.754,0,0,0,0,1.98,2.877,2.445,1.251,2.039,2.608,2.452
PE O-36:4,0,3.439,2.957,2.327,0,0,0,2.018,1.767,1.404,0,0,1.697,0,1.737,1.56,0,2.973,1.54,1.852,0,0,0,0,1.372,1.933,1.525,0,1.648,1.299,1.46
PE O-38:5,0.108,7.714,11.256,9.416,1.249,1.325,0.928,5.939,5.274,7.54,3.484,4.358,6.548,4.789,6.439,7.579,4.913,14.195,7.545,9.647,6.168,0.867,0.627,0.728,7.192,9.572,7.101,4.325,8.06,4.148,5.579
PE O-38:6,0,6.924,9.541,7.411,2.103,1.75,1.554,7.071,5.546,7.314,4.022,2.289,6.327,4.808,6.511,6.627,4.135,8.844,5.891,8.371,4.967,1.417,1.183,1.217,4.761,7.416,5.927,3.626,6.95,2.801,5.623
PI 34:1,0,4.189,6.699,3.16,0,3.021,4.292,2.543,3.39,3.363,5.175,1.871,7.512,6.861,5.054,3.617,6.187,10.391,15.275,24.783,9.2,7.168,7.091,5.324,3.446,3.54,4.811,2.422,4.286,4.875,3.783
PI 34:2,0,0,3.223,0,0,0,3.73,0,0,0,0,0,4.229,3.835,3.024,3.15,2.891,4.537,6.666,9.729,3.115,3.959,5.182,3.123,0,0,0,0,0,0,0
PI 36:2,0,10.616,19.518,11.53,6.31,7.303,8.914,8.45,9.329,8.861,13.799,6.037,11.393,8.311,8.517,8.869,7.665,12.635,14.199,22.697,8.974,8.703,9.497,8.097,7.998,7.663,8.944,4.2,8.697,13.194,11.084
PI 36:3,0,3.328,3.987,0,0,0,2.486,0,0,0,0,0,3.374,3.185,2.71,0,2.987,3.049,4.452,6.867,0,2.272,2.977,2.829,0,0,0,0,0,0,0
PI 36:4,0,2.321,3.921,0,0,3.316,4.667,0,0,4.211,4.602,0,5.438,6.127,4.994,5.562,6.278,9.336,10.411,11.799,6.73,3.651,5.404,3.251,3.373,3.353,3.758,0,4.248,2.448,0
PI 38:4,0,24.261,54.729,38.602,33.326,27.324,23.371,27.871,29.144,52.435,56.52,42.628,41.33,28.704,38.759,39.755,46.186,65.872,62.478,79.639,47.953,19.93,19.315,19.769,46.561,49.479,47.792,30.455,64.586,40.967,33.853
PI 38:7,0,0,0,0,0,0,0,0,0,0,0,0,0,0,0,0,0,0,0,0,0,0,0,0,0,0,0,0,0,0,0
PI 40:6,0,0,3.686,0,0,0,0,0,0,3.585,3.57,3.721,2.74,2.171,3.103,2.332,0,0,3.177,4.985,0,3.504,2.98,2.199,2.642,2.715,2.412,0,2.99,3.023,3.272
SM 32:1;2,0,6.21,14.448,10.678,3.484,2.992,2.585,9.424,9.192,9.549,8.091,7.462,9.994,8.519,9.402,6.38,7.249,8.489,7.798,9.104,8.088,5.328,5.222,5.831,5.133,5.864,5.356,3.051,5.33,10.469,9.241
SM 33:1;2,0,2.957,8.432,7.015,2.543,1.987,1.542,6.251,5.719,5.363,6.711,5.93,5.076,4.612,5.019,4.241,2.296,2.957,2.282,2.606,2.897,2.754,2.576,3.527,4.355,4.712,4.247,2.693,3.822,7.616,6.054
SM 34:1;2,0,74.931,151.299,134.622,95.521,73.374,62.426,101.498,91.196,118.112,180.891,144.456,115.239,91.779,120.056,107.686,109.175,128.697,103.127,111.946,105.932,64.503,60.88,70.382,117.738,123.703,118.151,78.569,126.242,154.092,135.477
SM 34:2;2,0,7.301,15.75,13.329,9.656,7.43,5.946,14.037,11.761,20.336,20.612,21.928,11.866,9.311,11.741,13.246,14.08,17.717,12.458,14.749,11.717,5.998,5.536,6.922,12.834,13.447,12.386,9.141,17.195,15.453,15.442
SM 35:1;2,0,1.79,3.982,3.655,1.897,0,0,3.085,2.806,3.197,3.483,3.906,3.167,2.513,3.594,2.768,0,0,0,0,0,1.875,1.727,2.241,2.65,3.197,2.817,1.766,2.505,3.938,3.417
SM 36:1;2,0,13.133,23.743,21.035,26.313,22.891,19.772,20.463,19.224,28.773,36.226,38.932,24.445,19.601,26.537,29.634,17.209,18.254,13.653,16.045,18.76,15.917,14.334,16.673,27.264,30.38,25.914,19.114,30.795,26.781,24.294
SM 36:2;2,0,4.95,9.553,8.826,9.939,8.504,7.678,9.281,8.849,15.188,15.634,19.292,8.812,7.414,9.104,11.45,7.732,7.754,6.422,7.377,8.384,4.771,5.046,6.192,11.763,11.656,11.101,8.794,16.003,10.451,9.674
SM 38:1;2,0.387,3.997,11.035,7.804,4.045,2.476,1.526,11.701,8.974,8.515,4.788,5.612,7.999,4.439,7.276,6.277,3.85,4.637,2.886,3.46,4.774,2.452,1.856,3.027,6.452,6.772,6.051,2.868,8.183,9.57,8.122
SM 38:2;2,0,4.005,5.232,4.423,4.945,3.793,3.187,6.589,5.283,7.114,5.882,6.493,4.278,3.653,4.955,5.589,3.903,4.528,3.115,3.438,4.314,3.009,2.633,3.681,5.691,5.645,5.542,4.068,8.093,5.674,5.904
SM 39:1;2,0,2.181,6.618,4.902,0,0,0,5.757,5.772,4.498,0,2.2,3.413,2.661,3.092,2.774,1.621,2.02,0,0,1.602,0,0,1.507,2.51,2.573,2.357,1.493,2.493,4.624,4.186
SM 40:1;2,0,14.704,31.267,26.487,13.988,9.907,7.972,27.04,24.783,29.67,13.344,15.932,25.042,19.058,23.032,20.996,18.62,20.675,15.451,16.964,19.211,9.287,8.274,10.554,24.281,25.315,21.917,15.704,24.986,27.318,24.867
SM 40:2;2,0,14.416,22.876,19.14,12.878,10.647,8.12,25.055,20.976,23.954,13.49,14.752,19.133,14.455,18.096,15.779,15.358,19.023,13.409,16.016,15.69,9.438,8.34,11.91,17.279,16.968,16.208,11.385,21.837,20.613,22.105
SM 41:1;2,0,4.778,14.518,11.373,3.655,2.495,1.62,11.601,10.565,12.828,2.909,6.12,8.698,6.312,7.648,7.2,5.137,6.575,4.742,5.673,6.255,2.221,1.779,3.085,6.727,8.298,7.156,4.873,7.119,11.41,10.308
SM 41:2;2,0,6.042,11.23,9.214,5.248,4.152,3.259,12.001,9.824,10.726,5.686,6.515,7.738,5.918,7.605,7.694,5.016,6.599,5.028,5.398,5.195,4.054,3.492,5.133,7.012,7.02,7.384,4.759,8.731,10.445,10.614
SM 42:1;2,0,8.353,19.395,17.448,10.145,7.727,5.663,15.182,13.688,20.33,8.261,9.67,16.031,12.806,14.206,11.556,13.552,16.58,12.812,13.832,14.759,5.918,5.046,6.765,18.753,18.839,16.465,10.689,18.22,15.649,14.117
SM 42:2;2,0,53.695,60.272,53.849,82.658,63.48,47.052,66.117,52.473,78.39,66.906,55.245,65.733,49.231,71.652,74.105,63.362,76.45,55.509,66.714,70.914,42.758,34.211,44.944,73.806,72.613,76.482,52.391,91.283,67.781,79.172
SM 43:2;2,0,2.859,3.221,2.576,2.556,1.669,0,3.235,2.583,2.754,1.803,0,3.837,2.566,3.932,2.85,1.518,0,0,0,0,2.046,1.296,2.324,2.959,2.979,2.644,1.591,2.501,3.154,3.216
CE 14:0,0,32.101,41.48,30.944,13.413,12.565,14.578,27.433,29.468,28.45,20.483,7.978,65.47,55.634,57.25,24.026,42.566,61.465,76.935,94.959,68.761,25.715,26.355,28.688,18.948,20.888,28.252,10.264,17.61,27.056,23.914
CE 15:0,0,7.525,15.73,12.941,5.002,3.07,2.746,12.117,9.996,10.369,7.653,4.731,15.655,13.095,15.46,9.142,5.19,5.049,3.467,3.153,7.375,6.144,5.025,7.002,7.687,8.561,9.813,4.318,6.082,12.606,9.164
CE 16:0,0,306.048,620.204,561.598,442.098,329.134,265.547,442.8,423.614,589.443,572.025,540.102,581.47,482.32,523.731,441.994,540.363,762.616,631.417,742.085,617.006,197.659,188.628,214.221,537.243,574.667,560.232,380.036,725.317,523.811,535.506
CE 16:1,0.208,57.717,87.863,75.892,99.581,75.091,74.251,77.402,87.852,187.849,93.351,65.402,274.446,272.57,219.689,196.332,303.862,469.742,676.323,893.882,565.434,145.717,143.911,134.154,104.334,103.998,108.042,68.922,138.236,83.055,90.282
CE 17:1,0.121,9.227,16.302,13.3,10.61,7.858,6.399,11.689,11.029,16.829,13.16,10.967,22.774,22.199,21.215,14.516,15.081,18.479,16.84,19.529,19.861,9.246,9.182,11.149,12.191,14.345,13.793,8.966,16.681,14.494,14.352
CE 18:1,0.177,351.657,787.227,574.378,538.575,382.899,293.586,455.617,425.895,698.76,762.798,618.132,752.052,658.764,742.861,566.369,713.962,947.919,1044.43,1323.492,966.314,284.328,282.957,357.234,671.673,692.721,719.184,497.604,949.649,679.312,598.671
CE 18:2,1.715,797.065,2153.819,2026.939,1048.921,639.046,448.196,1582.587,1518.443,1995.981,1542.014,1015.291,1489.719,964.856,1286.859,1166.083,1039.936,1378.495,1004.145,1072.771,937.282,455.411,427.229,532.346,1317.521,1399.255,1315.529,756.664,1553.404,1592.685,1513.879
CE 18:3,0,23.172,47.133,34.447,17.152,17.305,22.211,39.672,38.564,46.661,19.123,10.326,55.572,57.095,43.74,44.019,35.352,48.928,79.043,82.543,57.869,17.243,21.335,16.636,26.852,28.42,31.612,16.031,40.318,16.876,20.862
CE 19:2,0,4.892,13.403,10.075,7.12,4.795,3.719,9.382,8.228,10.216,11.284,9.786,9.004,8.236,9.382,7.863,8.825,11.25,11.193,15.095,11.059,3.773,4.092,5.012,7.96,8.639,8.936,6.135,12.243,9.761,9.621
CE 19:3,0,6.518,17.258,16.081,8.531,5.066,3.704,13.253,12.784,16.148,13.303,8.827,12.252,8.306,11.148,9.654,8.738,10.716,8.328,8.603,7.826,3.719,3.745,4.301,9.16,10.657,9.91,5.828,12.518,11.844,11.667
CE 20:4,0.438,84.689,227.419,219.107,148.848,95.617,58.272,171.844,173.45,283.475,227.107,270.773,184.716,126.441,164.918,160.085,246.75,364.388,250.772,247.731,253.693,51.011,45.179,38.432,256.926,255.168,246.917,179.965,323.172,172.778,163.063
CE 20:5,0,8.251,19.782,14.709,8.299,6.409,5.346,47.249,22.542,57.719,13.32,12.883,32.42,20.972,23.934,18.53,22.744,33.483,31.295,36.446,28.544,8.636,7.829,6.837,14.488,15.225,15.287,7.974,15.088,11.089,47.222
CE 22:4,0,0,0.37,0.551,0.415,0.192,0,0.412,0.334,0.528,0.674,1.163,0,0,0.245,0.372,0.529,0.53,0.448,0,0.354,0,0,0,0.882,0.554,0.941,0.534,0.901,0.279,0.449
CE 22:5,0,0.233,0.354,0.401,0.4,0.253,0.139,0.246,0.335,0.773,0.329,0.612,0.862,0.43,0.67,0.27,1.849,3.038,2.653,1.764,1.656,0.189,0.209,0,1.676,1.359,2,1.072,1.078,0.248,0.395
CE 22:6,0,8.109,22.689,17.99,8.957,5.258,3.145,20.31,14.967,34.834,22.216,21.234,12.236,8.259,12.663,16.476,18.151,26.274,14.716,12.509,14.442,4.905,3.85,3.512,21.443,19.037,17.325,10.86,21.073,16.958,17.33
DG 32:0,0.23,4.589,0.196,0.165,0,0.907,1.259,0,0.04,0.133,2.181,0,6.799,6.586,1.96,0,4.584,5.802,9.1,15.832,6.728,0.532,0.484,0.415,0.71,0.602,0.28,0.043,2.423,2.952,2.171
DG 32:1,0,3.232,0.561,0.439,0,0.592,1.094,0.404,0.472,1.062,1.443,0,6.833,7.46,2.944,0.74,6.472,7.841,13.79,24.239,10.376,2.484,1.921,2.537,0.821,0.687,0.399,0.294,0.922,2.816,1.254
DG 32:2,0,0.765,0,0,0,0,0,0,0,0,0,0,0.964,0.775,0,0,0.591,0.602,2.252,6.244,1.834,0.485,0.403,0,0,0,0,0,0,0,0
DG 34:1,0.062,8.91,6.822,5.959,5.99,5.932,7.446,4.114,5.468,10.844,16.048,5.988,23.563,18.438,11.527,5.62,23.787,25.01,29.416,50.476,35.452,5.998,5.568,7.965,9.363,9.751,9.953,6.629,22.357,12.217,13.8
DG 34:2,0,4.279,3.564,3.899,3.547,3.972,4.522,3.412,4.072,8.191,7.726,3.336,9.986,8.953,5.986,4.313,15.862,13.559,15.676,28.651,24.841,4.414,3.87,4.418,5.354,5.468,4.9,3.471,11.853,5.565,8.564
DG 34:3,0,0.546,0,0,0,0,0.333,0,0.552,0.887,0,0,1.104,0.439,0,0.415,1.799,0.699,1.203,2.908,3.074,0.582,0.35,0.267,0.403,0,0.344,0,0.99,0,0.75
DG 36:2,0,4.727,10.382,6.67,9.015,9.598,10.256,5.058,7.026,12.173,18.783,8.634,13.708,12.534,10.748,6.239,18.441,20.281,17.525,32.62,41.158,5.235,5.103,7.079,8.682,11.154,8.694,7.914,21.082,13.127,13.439
DG 36:3,0.041,3.558,6.631,6.375,5.94,5.793,5.509,5.29,6.558,9.932,12.539,6.372,7.058,5.339,5.512,5.297,11.793,8.341,5.392,10.832,18.14,2.785,2.895,4.213,6.57,7.111,6.218,4.607,15.053,7.613,11.764
DG 36:4,0,0.521,1.141,2.189,0.594,0.754,0.758,2.182,2.372,2.864,2.567,1.14,11.525,0.883,0.849,0.921,3.248,1.531,1.577,2.623,3.89,0.18,0.255,0.088,1.301,1.388,0.709,0.822,4.61,0.761,3.536
DG 38:4,0,0,0,0,0,0,0,0,0,0,0,0,5.055,0,0,0,0.401,0,0,0,1.158,0,0,0,0,0,0,0,0,0,0
DG 38:5,0,0,0,0,0.378,0.717,0.304,0.325,0.365,0.68,0.547,0.72,0.891,0,0,0.422,2.236,1.407,1.692,2.048,2.146,0.546,0,0,0.933,0,0.497,0,2.41,0,0.923
DG 38:6,0,0,0,0,0,0,0,0.336,0,0.943,0,0,0.366,0,0,0,0.88,0,0,0.565,0.98,0,0,0,0,0,0,0,0.974,0,0.624
TG 48:0,0.41,33.907,11.09,4.417,1.908,1.565,5.115,1.542,1.571,3.79,8.688,2.301,45.228,67.847,15.544,2.246,14.033,47.889,72.099,139.22,31.02,4.338,6.084,5.743,3.607,4.474,4.205,2.837,9.247,33.389,5.45
TG 48:1,1.082,112,40.378,15.355,8.008,9.265,21.578,9.515,12.962,20.76,30.771,4.676,135.174,182.818,61.597,12.6,68.819,137.426,247.475,476.356,138.822,23.644,28.348,30.803,13.195,15.046,14.325,7.964,18.638,63.63,14.933
TG 48:2,0.578,80.901,28.22,10.187,5.899,7.746,16.787,8.243,12.463,17.6,19.057,2.869,83.431,112.302,39.489,11.216,57.984,85.368,165.151,302.475,109.261,21.648,26.425,27.806,9.121,9.331,8.887,4.316,9.649,28.396,10.422
TG 48:3,0.048,34.785,10.455,3.131,1.954,2.41,5.505,2.886,4.442,5.432,5.845,0.762,22.102,29.588,10.995,3.173,15.668,16.304,28.956,51.099,23.718,5.302,7.531,8.167,2.916,2.516,2.675,0.977,2.17,7.47,3.267
TG 49:1,0.28,8.209,7.469,3.816,1.131,1.366,2.299,2.55,2.84,3.545,6.439,0.89,18.231,21.758,8.998,1.846,5.514,7.208,8.595,12.345,13.179,2.885,3.657,3.722,2.64,3.017,2.935,1.408,3.223,14.643,3.148
TG 49:2,0.036,4.281,4.371,2.584,0.871,1.178,1.976,2.172,2.673,3.736,4.107,0.593,11.2,12.761,6.03,2.126,5.276,5.766,6.926,10.996,11.616,2.701,3.501,3.396,1.921,1.961,1.858,1.001,2.205,6.484,2.298
TG 49:3,0,1.607,1.363,0.553,0,0.091,0.311,0.848,0.992,1.436,0.886,0,3.157,3.067,1.727,0.462,1.447,1.516,1.769,2.279,2.748,0.775,0.969,0.939,0.408,0.292,0.269,0,0.278,1.514,0.769
TG 50:1,3.971,152.012,110.688,59.756,53.779,45.024,82.724,29.989,35.404,71.406,128.121,48.155,240.17,308.953,134.608,43.94,196.806,348.137,424.279,799.597,348.258,41.101,49.162,58.466,70.519,90.047,71.982,59.999,167.398,156.504,70.582
TG 50:2,2.614,111.192,104.85,66.865,60.226,61.09,99.835,47.91,63.176,122.921,130.299,42.522,242.885,284.676,152.143,81.259,311.758,400.664,526.213,986.488,577.466,74.832,87.196,97.428,77.662,92.702,74.87,57.85,161.617,116.408,77.234
TG 50:3,0.714,45.663,45.64,27.027,22.694,24.396,37.075,26.449,35.557,56.371,48.842,13.387,82.199,86.029,53.856,36.238,117.934,110.214,128.745,242.03,191.626,27,36.384,36.965,27.984,31.089,26.039,17.321,48.23,35.737,29.488
TG 50:4,0,14.759,11.519,5.278,3.908,4.54,7.143,7.456,9.315,12.342,9.381,2.328,19.073,19.994,13.095,7.582,22.009,20.504,24.966,40.329,32.916,6.165,8.776,9.131,5.38,5.733,4.927,2.766,7.001,6.747,5.691
TG 50:5,0,4.642,2.591,0.622,0.326,0.694,1.226,1.716,2.022,2.645,1.784,0.162,4.831,5.702,2.869,1.534,3.852,3.965,6.61,8.404,5.206,1.632,2.181,1.803,0.974,0.933,0.85,0.174,0.914,1.828,0.9
TG 51:1,0.458,5.605,6.527,3.031,1.659,1.563,2.421,1.703,2.203,2.797,5.317,1.323,13.486,17.158,7.92,1.857,4.031,6.47,5.703,8.401,10.219,2.116,2.727,2.857,2.401,2.822,2.811,1.592,3.587,12.462,4.011
TG 51:2,0.419,8.16,13.521,7.254,4.86,4.75,6.131,6.253,7.322,10.56,14.116,3.389,21.674,24.701,15.168,6.448,14.083,15.236,11.294,18.679,28.434,5.577,6.835,8.045,6.712,8.028,7.324,4.587,10.818,17.075,9.136
TG 51:3,0,4.087,7.565,5.038,2.808,2.688,3.24,5.143,5.81,7.118,7.456,2.095,8.722,9.62,6.7,4.035,7.291,6.216,4.665,7.52,12.815,2.565,3.499,3.84,3.795,4.036,3.725,2.149,5.442,7.274,4.891
TG 51:4,0,2.099,2.871,1.739,0.591,0.664,1.153,2.111,2.031,2.726,2.33,0.487,3.612,4.138,2.471,1.334,2.556,2.882,2.987,4.931,4.091,1.013,1.315,1.343,1.126,1.411,1.227,0.736,1.453,2.597,1.789
TG 52:2,9.732,188.369,398.216,214.904,246.246,220.053,281.752,140.987,175.87,324.712,502.861,217.523,396.898,444.983,310.991,189.734,596.118,702.098,608.974,1089.594,1061.746,109.127,120.391,168.012,250.297,314.528,252.609,221.983,589.905,415.648,271.145
TG 52:3,3.601,142.558,275.549,221.073,202.204,179.162,208.296,169.401,189.838,313.008,395.462,190.654,248.511,230.877,201.833,180.916,441.747,368.783,259.981,506.254,665.648,73.073,93.345,119.761,199.996,231.506,186.425,154.285,441.748,263.285,239.712
TG 52:4,0.863,47.834,83.712,66.176,50.44,48.431,56.803,67.79,71.541,110.26,106.274,50.622,77.242,66.86,62.15,60.513,128.073,93.014,74.198,135.254,178.931,17.042,27.723,33.333,55.699,61.754,49.929,35.054,117.196,56.14,67.96
TG 52:5,0.128,13.036,18.686,9.285,8.038,9.184,12.158,17.227,18.96,25.499,15.952,6.692,20.874,19.495,17.063,14.803,28.311,25.672,30.338,43.993,37.984,6.959,10.676,9.841,11.293,12.186,10.5,6.153,18.055,7.935,10.675
TG 52:6,0,3.118,3.719,1.281,0.815,1.412,1.912,3.711,3.68,6.106,2.763,0.851,5.961,5.91,4.222,2.868,5.962,5.729,7.928,10.544,7.549,2.233,3.368,2.378,1.672,1.817,1.699,0.882,2.278,1.709,1.578
TG 53:2,0.468,4.518,9.828,4.562,3.838,3.511,4.109,3.384,4.619,5.041,8.982,3.255,11.344,12.393,9.477,3.703,6.162,8.113,4.874,8.04,13.446,2.505,2.97,4.151,3.76,4.807,4.611,3.159,6.9,11.484,6.626
TG 53:3,0.111,4.071,8.509,4.856,4.399,4.312,4.331,4.416,5.375,6.362,9.277,3.263,8.886,8.965,7.987,4.137,6.874,7.138,3.548,6.931,13.454,2.443,2.974,3.834,4.034,4.414,4.3,2.837,6.715,8.076,7.109
TG 53:4,0,2.063,4.193,2.506,1.717,1.785,1.861,2.803,2.769,3.63,4.114,1.47,4.573,4.402,3.692,1.904,3.45,3.391,2.018,3.376,5.886,1.133,1.577,1.875,1.961,2.128,2.055,1.252,2.918,3.498,3.258
TG 54:2,2.579,30.815,71.58,17.103,29.179,27.353,35.757,9.705,13.089,20.567,43.658,19.618,51.506,56.797,48.684,13.886,37.899,80.855,43.109,82.415,66.337,8.592,9.499,14.1,18.627,22.615,20.366,16.585,34.224,60.725,36.633
TG 54:3,2.835,66.111,172.026,57.384,113.917,109.336,116.918,40.26,48.912,69.505,173.765,77.507,109.965,107.203,121.627,49.095,119.009,172.024,92.072,189.203,248.537,28.916,31.694,49.091,62.206,72.338,63.075,51.42,122.321,131.11,101.909
TG 54:4,1.338,55.628,120.577,57.24,79.694,74.868,76.85,46.655,50.822,63.383,135.86,64.681,78.487,67.387,85.045,41.877,90.746,104.77,57.305,126.187,150.319,19.71,25.49,34.716,51.096,55.924,49.247,37.105,95.372,76.117,80.488
TG 54:5,0.529,30.781,60.763,33.342,33.969,33.812,35.837,34.968,35.146,46.173,66.227,40.301,54.718,41.491,50.091,28.594,61.776,65.894,54.633,99.758,77.979,13.912,18.513,19.986,32.943,34.315,31.235,24.95,65.95,33.716,39.185
TG 54:6,0.275,11.979,22.854,12.862,10.05,11.488,13.13,21.333,17.998,30.791,24.217,18.255,31.456,20.894,22.272,14.139,28.839,27.481,29.634,45.972,31.396,7.487,10.957,8.614,13.814,13.516,12.374,10.046,24.762,12.062,15.389
TG 54:7,0,2.624,5.7,2.188,1.812,2.108,2.513,7.18,5.415,12.731,4.406,2.947,6.757,6.116,6.747,4.18,8.838,7.533,9.175,12.361,8.669,3.199,4.828,2.794,2.757,2.658,2.85,1.245,3.905,1.951,3.272
TG 55:0,0.159,0.708,0.046,0.33,0.38,0.398,0.414,1.071,0.238,0.384,0,0.235,0,0,0,0.065,0.062,0,0,0,0,0.267,0.489,0.101,0.719,0.374,0.455,0.673,0.561,0.5,0.52
TG 55:3,0,0.174,1.135,0.242,0.844,0.789,0.884,0.12,0.516,0.431,1.55,0.613,1.652,1.734,1.585,0.505,0.815,1.435,0.163,0.734,2.369,0.154,0.292,0.47,0.328,0.593,0.415,0.375,0.911,1.809,1.391
TG 55:4,0,0.206,0.637,0,0.15,0.293,0.357,0,0.271,0.138,0.963,0.181,1.008,0.977,0.875,0,0.299,0.459,0,0.249,1.271,0.132,0.098,0.147,0,0.115,0.281,0.117,0.267,0.74,0.585
TG 55:5,0,0.293,1.145,0,0.195,0.241,0.435,0.159,0.388,0.519,0.692,0.285,1.165,1.363,1.331,0.217,0.689,1.169,0.199,0.244,1.436,0.205,0.348,0.292,0.204,0.322,0.506,0.14,0.892,1.125,0.743
TG 56:4,0,4.315,5.721,2.377,4.161,3.8,3.677,1.486,2.279,2.513,6.333,2.925,5.83,5.74,6.98,1.782,6.502,8.023,4.313,9.868,11.656,1.38,1.414,2.487,2.154,2.806,2.596,1.943,5.653,3.872,4.362
TG 56:5,0,7.239,17.361,10.354,13.197,11.195,9.574,8.32,9.578,12.077,18.706,12.715,14.262,13.104,14.877,7.634,23.681,21.024,14.8,26.737,28.711,4.206,4.815,5.507,10.865,11.361,10.959,8.502,26.349,14.78,11.917
TG 56:6,0,7.441,22.028,14.299,16.828,15.287,12.846,15.705,15.131,22.866,28.365,21.308,20.688,17.695,18.601,13.465,35.975,30.032,22.384,36.349,43.155,6.739,8.906,7.842,17.262,16.873,16.916,13.037,38.179,15.726,15.568
TG 56:7,0,5.47,19.022,10.735,9.755,8.779,7.353,18.368,13.234,36.885,19.622,17.569,15.555,12.354,13.721,11.134,26.308,21.195,15.529,25.49,23.913,6.665,8.937,5.991,11.156,10.437,10.7,7.187,22.24,11.509,15.221
TG 56:8,0,1.813,7.415,4.024,2.594,2.565,2.315,9.315,5.534,19.608,6.424,6.637,6.206,4.647,5.11,5.096,8.635,6.836,5.367,7.96,6.796,2.796,4.308,2.295,3.631,3.35,3.411,2.009,6.816,3.567,6.264
TG 58:7,0,1.425,4.432,1.463,2.612,2.161,1.493,1.842,2.175,4.03,3.837,2.683,3.467,2.985,3.705,1.647,5.386,4.708,3.685,5.685,5.841,1.685,2.076,1.699,2.317,2.04,2.233,1.227,3.666,2.558,2.864
TG 58:8,0,1.359,5.805,2.068,2.347,1.915,1.266,4.507,2.562,7.95,4.454,3.881,3.348,2.505,3.344,2.106,5.205,4.203,2.821,4.436,4.059,1.91,2.519,1.653,2.488,2.241,2.333,1.23,3.642,3.101,3.929
